{
	"sapBrandColor": "#bad2e8",
	"sapHighlightColor": "#fcdd82",
	"sapBaseColor": "#bad2e8",
	"sapShellColor": "#2d6699",
	"sapBackgroundColor": "#eaf0f6",
	"sapFontFamily": "arial, helvetica, sans-serif",
	"sapFontSize": "0.7em",
	"sapTextColor": "#000",
	"sapLinkColor": "#204ba2",
	"sapCompanyLogo": "none",
	"sapBackgroundImage": "none",
	"sapBackgroundImageOpacity": "1.0",
	"sapBackgroundImageRepeat": "false",
	"sapSelectedColor": "#fcdd82",
	"sapActiveColor": "#fcdd82",
	"sapHighlightTextColor": "#000",
	"sapTitleColor": "#000",
	"sapNegativeColor": "#d0001d",
	"sapCriticalColor": "#fffcb5",
	"sapPositiveColor": "#008a3b",
	"sapNeutralColor": "#306898",
	"sapNegativeElementColor": "#d0001d",
	"sapCriticalElementColor": "#fffcb5",
	"sapPositiveElementColor": "#008a3b",
	"sapNeutralElementColor": "#306898",
	"sapContent_LineHeight": "1.4",
	"sapContent_ElementHeight": "1.37em",
	"sapContent_ElementHeight_PX": "16px",
	"sapContent_IconHeight": "14px",
	"sapContent_IconColor": "#456585",
	"sapContent_ContrastIconColor": "#fff",
	"sapContent_NonInteractiveIconColor": "#456585",
	"sapContent_MarkerIconColor": "#fcdd82",
	"sapContent_FocusColor": "#000",
	"sapContent_ContrastFocusColor": "#fff",
	"sapContent_ShadowColor": "#000",
	"sapContent_ContrastShadowColor": "#fff",
	"sapContent_SearchHighlightColor": "#FFFF00",
	"sapContent_HelpColor": "#03b803",
	"sapContent_LabelColor": "#000",
	"sapContent_MonospaceFontFamily": "lucida console, monospace",
	"sapContent_DisabledTextColor": "#999",
	"sapContent_DisabledOpacity": "0.5",
	"sapContent_ContrastTextThreshold": "0.75",
	"sapContent_ContrastTextColor": "#fff",
	"sapContent_ForegroundColor": "#83afd8",
	"sapContent_ForegroundBorderColor": "#6691b7",
	"sapContent_ForegroundTextColor": "#000",
	"sapShell_Background": "#2d6699",
	"sapShell_BackgroundImage": "none",
	"sapShell_BackgroundGradient": "none",
	"sapShell_BackgroundImageOpacity": "1.0",
	"sapShell_BackgroundImageRepeat": "false",
	"sapShell_BorderColor": "#1c4972",
	"sapShell_TextColor": "#fff",
	"sapShell_Favicon": "none",
	"sapButton_BorderWidth": "1px",
	"sapButton_BorderCornerRadius": "0",
	"sapButton_Background": "#f8eeb5",
	"sapButton_BorderColor": "#646464",
	"sapButton_TextColor": "#000",
	"sapButton_Disabled_Background": "#eeead9",
	"sapButton_Disabled_BorderColor": "#949494",
	"sapButton_Disabled_TextColor": "#828282",
	"sapButton_Hover_Background": "#f5c12e",
	"sapButton_Hover_BorderColor": "#000",
	"sapButton_Hover_TextColor": "#000",
	"sapButton_Emphasized_Background": "#f8eeb5",
	"sapButton_Emphasized_BorderColor": "#010101",
	"sapButton_Emphasized_TextColor": "#000",
	"sapButton_Reject_Background": "#d0001d",
	"sapButton_Accept_Background": "#008a3b",
	"sapField_Background": "#fff",
	"sapField_BorderColor": "#848a8f",
	"sapField_TextColor": "#000",
	"sapField_HelpBackground": "#c5d2dd",
	"sapField_BorderWidth": "1px",
	"sapField_BorderCornerRadius": "0",
	"sapField_Hover_Background": "#fff",
	"sapField_Hover_BorderColor": "#848a8f",
	"sapField_Hover_HelpBackground": "#c5d2dd",
	"sapField_Focus_Background": "#fef09e",
	"sapField_Focus_BorderColor": "#848a8f",
	"sapField_Focus_HelpBackground": "#c5d2dd",
	"sapField_Disabled_Background": "#e0ebf5",
	"sapField_Disabled_BorderColor": "#a1aeb9",
	"sapField_Disabled_TextColor": "#999",
	"sapField_Disabled_HelpBackground": "#c5d2dd",
	"sapField_ReadOnly_Background": "#e0ebf5",
	"sapField_ReadOnly_BorderColor": "#a1aeb9",
	"sapField_ReadOnly_HelpBackground": "#c5d2dd",
	"sapField_RequiredColor": "#d0001d",
	"sapField_InvalidColor": "#b10019",
	"sapField_InvalidBackground": "#fbe8eb",
	"sapField_WarningColor": "#fffcb5",
	"sapField_WarningBackground": "#fffcb5",
	"sapField_SuccessColor": "#007b34",
	"sapField_SuccessBackground": "#e0f1e7",
	"sapGroup_TitleBackground": "#bad2e8",
	"sapGroup_TitleBorderColor": "#93b4d2",
	"sapGroup_TitleTextColor": "#000",
	"sapGroup_Title_FontSize": "0.7em",
	"sapGroup_ContentBackground": "#fff",
	"sapGroup_ContentBorderColor": "#7c9ebb",
	"sapGroup_BorderWidth": "1px",
	"sapGroup_BorderCornerRadius": "0",
	"sapGroup_FooterBackground": "#bad2e8",
	"sapToolbar_Background": "#bad2e8",
	"sapToolbar_SeparatorColor": "#fff",
	"sapList_HeaderBackground": "#cfd4d8",
	"sapList_HeaderBorderColor": "#c0c9d3",
	"sapList_HeaderTextColor": "#132739",
	"sapList_BorderColor": "#c0c9d3",
	"sapList_BorderWidth": "1px",
	"sapList_HighlightColor": "#ff7800",
	"sapList_SelectionBackgroundColor": "#fcdd82",
	"sapList_Background": "#fff",
	"sapList_Hover_Background": "#fffbf2",
	"sapScrollBar_FaceColor": "#c9dced",
	"sapScrollBar_TrackColor": "#f5f8fa",
	"sapScrollBar_BorderColor": "#cdd9e9",
	"sapScrollBar_SymbolColor": "#394550",
	"sapScrollBar_Dimension": "16px",
	"sapScrollBar_Hover_FaceColor": "#bed5e9",
	"sapPageHeader_Background": "#bad2e8",
	"sapPageHeader_BorderColor": "#A8B8C7",
	"sapPageHeader_TextColor": "#000",
	"sapPageFooter_Background": "#EAF1F6",
	"sapPageFooter_TextColor": "#000",
	"sapInfobar_Background": "#fff",
	"sapObjectHeader_Background": "#eaf0f6",
	"sapBlockLayer_Background": "#000000",
	"sapTile_Background": "#fff",
	"sapTile_BorderColor": "#7c9ebb",
	"sapTile_TitleTextColor": "#000",
	"sapTile_TextColor": "#000",
	"sapTile_IconColor": "#456585",
	"sapChart_OrderedColor_1": "#286ac3",
	"sapChart_OrderedColor_2": "#d74114",
	"sapChart_OrderedColor_3": "#057d47",
	"sapChart_OrderedColor_4": "#e11e48",
	"sapChart_OrderedColor_5": "#642eb2",
	"sapChart_OrderedColor_6": "#03778c",
	"sapChart_OrderedColor_7": "#232deb",
	"sapChart_OrderedColor_8": "#9b136f",
	"sapChart_OrderedColor_9": "#395563",
	"sapChart_OrderedColor_10": "#e02e2e",
	"sapChart_OrderedColor_11": "#0d3367",
	"sapChart_Bad": "#ab0000",
	"sapChart_Critical": "#5c5c00",
	"sapChart_Good": "#006362",
	"sapChart_Neutral": "#000000",
	"sapChart_Sequence_1": "#286ac3",
	"sapChart_Sequence_2": "#d74114",
	"sapChart_Sequence_3": "#057d47",
	"sapChart_Sequence_Neutral": "#000000",
	"sapUiBrand": "#bad2e8",
	"sapUiHighlight": "#fcdd82",
	"sapUiBaseColor": "#bad2e8",
	"sapUiShellColor": "#2d6699",
	"sapUiBaseBG": "#eaf0f6",
	"sapUiGlobalBackgroundColor": "#eaf0f6",
	"sapUiBaseText": "#000",
	"sapUiLink": "#204ba2",
	"sapUiGlobalLogo": "none",
	"sapUiGlobalBackgroundImage": "none",
	"sapUiBackgroundImage": "none",
	"sapUiUx3ShellBackgroundImageURL": "none",
	"sapUiGlobalBackgroundImageOpacity": "1.0",
	"sapUiGlobalBackgroundRepeat": "false",
	"sapUiSelected": "#fcdd82",
	"sapUiActive": "#fcdd82",
	"sapUiHighlightTextColor": "#000",
	"sapUiTextTitle": "#000",
	"sapUiContentIconColor": "#456585",
	"sapUiContentContrastIconColor": "#fff",
	"sapUiContentNonInteractiveIconColor": "#456585",
	"sapUiContentMarkerIconColor": "#fcdd82",
	"sapUiContentImagePlaceholderBackground": "#eaf0f6",
	"sapUiContentImagePlaceholderForegroundColor": "#456585",
	"sapUiContentFocusColor": "#000",
	"sapUiContentContrastFocusColor": "#fff",
	"sapUiContentShadowColor": "#000",
	"sapUiContentContrastShadowColor": "#fff",
	"sapUiContentSearchHighlightColor": "#FFFF00",
	"sapUiContentHelpColor": "#03b803",
	"sapUiContentLabelColor": "#000",
	"sapUiContentDisabledTextColor": "#999",
	"sapUiContentDisabledOpacity": "0.5",
	"sapUiContentContrastTextThreshold": "0.75",
	"sapUiContentContrastTextColor": "#fff",
	"sapUiContentForegroundColor": "#83afd8",
	"sapUiContentForegroundBorderColor": "#6691b7",
	"sapUiContentForegroundTextColor": "#000",
	"sapUiShellBackground": "#2d6699",
	"sapUiShellBackgroundImage": "none",
	"sapUiShellBackgroundImageOpacity": "1.0",
	"sapUiShellBackgroundImageRepeat": "false",
	"sapUiShellBackgroundGradient": "none",
	"sapUiShellBorderColor": "#1c4972",
	"sapUiShellTextColor": "#fff",
	"sapUiShellFavicon": "none",
	"sapUiButtonBackground": "#f8eeb5",
	"sapUiButtonBorderColor": "#646464",
	"sapUiButtonTextColor": "#000",
	"sapUiButtonDisabledBackground": "#eeead9",
	"sapUiButtonDisabledBorderColor": "#949494",
	"sapUiButtonDisabledTextColor": "#828282",
	"sapUiButtonHoverBackground": "#f5c12e",
	"sapUiButtonHoverBorderColor": "#000",
	"sapUiButtonHoverTextColor": "#000",
	"sapUiButtonEmphasizedBackground": "#f8eeb5",
	"sapUiButtonEmphasizedBorderColor": "#010101",
	"sapUiButtonEmphasizedTextColor": "#000",
	"sapUiButtonRejectBackground": "#d0001d",
	"sapUiButtonAcceptBackground": "#008a3b",
	"sapUiFieldBackground": "#fff",
	"sapUiFieldBorderColor": "#848a8f",
	"sapUiFieldTextColor": "#000",
	"sapUiFieldHelpBackground": "#c5d2dd",
	"sapUiFieldHoverBackground": "#fff",
	"sapUiFieldHoverBorderColor": "#848a8f",
	"sapUiFieldHoverHelpBackground": "#c5d2dd",
	"sapUiFieldFocusBackground": "#fef09e",
	"sapUiFieldFocusBorderColor": "#848a8f",
	"sapUiFieldFocusHelpBackground": "#c5d2dd",
	"sapUiFieldReadOnlyBackground": "#e0ebf5",
	"sapUiFieldReadOnlyBorderColor": "#a1aeb9",
	"sapUiFieldReadOnlyHelpBackground": "#c5d2dd",
	"sapUiFieldDisabledBackground": "#e0ebf5",
	"sapUiFieldDisabledBorderColor": "#a1aeb9",
	"sapUiFieldDisabledTextColor": "#999",
	"sapUiFieldDisabledHelpBackground": "#c5d2dd",
	"sapUiFieldRequiredColor": "#d0001d",
	"sapUiFieldInvalidColor": "#b10019",
	"sapUiFieldInvalidBackground": "#fbe8eb",
	"sapUiFieldWarningColor": "#fffcb5",
	"sapUiFieldWarningBackground": "#fffcb5",
	"sapUiFieldSuccessColor": "#007b34",
	"sapUiFieldSuccessBackground": "#e0f1e7",
	"sapUiGroupTitleBackground": "#bad2e8",
	"sapUiGroupTitleBorderColor": "#93b4d2",
	"sapUiGroupTitleTextColor": "#000",
	"sapUiGroupContentBackground": "#fff",
	"sapUiGroupContentBorderColor": "#7c9ebb",
	"sapUiGroupFooterBackground": "#bad2e8",
	"sapUiToolbarBackground": "#bad2e8",
	"sapUiToolbarSeparatorColor": "#fff",
	"sapUiListHeaderBackground": "#cfd4d8",
	"sapUiListHeaderBorderColor": "#c0c9d3",
	"sapUiListHeaderTextColor": "#132739",
	"sapUiListBorderColor": "#c0c9d3",
	"sapUiListHighlightColor": "#ff7800",
	"sapUiListSelectionBackgroundColor": "#fcdd82",
	"sapUiListBackground": "#fff",
	"sapUiListHoverBackground": "#fffbf2",
	"sapUiScrollBarFaceColor": "#c9dced",
	"sapUiScrollBarTrackColor": "#f5f8fa",
	"sapUiScrollBarBorderColor": "#cdd9e9",
	"sapUiScrollBarSymbolColor": "#394550",
	"sapUiScrollBarHoverFaceColor": "#bed5e9",
	"sapUiPageHeaderBackground": "#bad2e8",
	"sapUiPageHeaderBorderColor": "#A8B8C7",
	"sapUiPageHeaderTextColor": "lightgray",
	"sapUiPageFooterBackground": "#EAF1F6",
	"sapUiPageFooterTextColor": "#000",
	"sapUiInfobarBackground": "#fff",
	"sapUiObjectHeaderBackground": "#eaf0f6",
	"sapUiBlockLayerBackground": "#000000",
	"sapUiTileBackground": "#ffffff",
	"sapUiTileBorderColor": "#7c9ebb",
	"sapUiTileTitleTextColor": "#000",
	"sapUiTileTextColor": "#000",
	"sapUiTileIconColor": "#456585",
	"sapUiChart1": "#286ac3",
	"sapUiChart2": "#d74114",
	"sapUiChart3": "#057d47",
	"sapUiChart4": "#e11e48",
	"sapUiChart5": "#642eb2",
	"sapUiChart6": "#03778c",
	"sapUiChart7": "#232deb",
	"sapUiChart8": "#9b136f",
	"sapUiChart9": "#395563",
	"sapUiChart10": "#e02e2e",
	"sapUiChart11": "#0d3367",
	"sapUiChartBad": "#ab0000",
	"sapUiChartCritical": "#5c5c00",
	"sapUiChartGood": "#006362",
	"sapUiChartNeutral": "#000000",
	"sapUiChartSequence1": "#286ac3",
	"sapUiChartSequence2": "#d74114",
	"sapUiChartSequence3": "#057d47",
	"sapUiChartSequenceNeutral": "#000000",
	"sapUiErrorBG": "#FF9A90",
	"sapUiWarningBG": "#FAF2B0",
	"sapUiSuccessBG": "#bdffd9",
	"sapUiNeutralBG": "#ecf3f9",
	"sapUiErrorBorder": "red",
	"sapUiWarningBorder": "yellow",
	"sapUiSuccessBorder": "#00bd51",
	"sapUiNeutralBorder": "#306898",
	"sapUiNegativeElement": "#d0001d",
	"sapUiCriticalElement": "#fffcb5",
	"sapUiPositiveElement": "#008a3b",
	"sapUiNeutralElement": "#306898",
	"sapUiNegativeText": "red",
	"sapUiCriticalText": "#fffcb5",
	"sapUiPositiveText": "#B5E7A8",
	"sapUiNeutralText": "#306898",
	"sapUiNegative": "#d0001d",
	"sapUiCritical": "#fffcb5",
	"sapUiPositive": "#008a3b",
	"sapUiNeutral": "#306898",
	"sapUiErrorColor": "#ff0427",
	"sapUiWarningColor": "#fffee8",
	"sapUiSuccessColor": "#00bd51",
	"sapUiFontFamily": "Arial,Helvetica,sans-serif",
	"sapUiFontSize": "medium",
	"sapUiFontCondensedFamily": "'Arial Narrow', HelveticaNeue-CondensedBold, Arial, sans-serif",
	"sapUiFontHeaderFamily": "Arial,Helvetica,sans-serif",
	"sapUiFontHeaderWeight": "normal",
	"sapMFontHeader1Size": "1.625rem",
	"sapMFontHeader2Size": "1.375rem",
	"sapMFontHeader3Size": "1.250rem",
	"sapMFontHeader4Size": "1.125rem",
	"sapMFontHeader5Size": "1rem",
	"sapMFontHeader6Size": "0.875rem",
	"sapMFontSmallSize": "0.75rem",
	"sapMFontMediumSize": "0.875rem",
	"sapMFontLargeSize": "1rem",
	"sapUiTranslucentBGOpacity": "80%",
	"sapMPlatformDependent": "false",
	"sapUiDesktopFontFamily": "Arial,Helvetica,sans-serif",
	"sapUiDesktopFontSize": "12px",
	"sapUiFontLargeSize": "13px",
	"sapUiFontSmallSize": "11px",
	"sapUiFontHeader1Size": "26px",
	"sapUiFontHeader2Size": "20px",
	"sapUiFontHeader3Size": "18px",
	"sapUiFontHeader4Size": "16px",
	"sapUiFontHeader5Size": "14px",
	"sapUiFontHeader6Size": "13px",
	"sapUiLineHeight": "18px",
	"sapUiChartLabelHoverColor": "#f5c12e",
	"sapUiChartLabelPressedColor": "#f1dc66",
	"sapUiChartCategoryAxisLabelFontColor": "#000",
	"sapUiChartValueAxisLabelFontColor": "#3d3d3d",
	"sapUiChartCategoryAxisLabelFontSize": "0.75rem",
	"sapUiChartValueAxisLabelFontSize": "0.75rem",
	"sapUiChartCategoryAxisLineColor": "#779dbf",
	"sapUiChartValueAxisLineColor": "#779dbf",
	"sapUiChartCategoryAxisTickColor": "#779dbf",
	"sapUiChartValueAxisTickColor": "#779dbf",
	"sapUiChartBackgroundColor": "transparent",
	"sapUiChartLabelFontWeight": "normal",
	"sapUiChartLegendLabelFontColor": "#000",
	"sapUiChartLegendTitleFontColor": "#000",
	"sapUiChartLegendTitleFontSize": "0.875rem",
	"sapUiChartLegendLabelFontSize": "0.75rem",
	"sapUiChartPaletteUndefinedColor": "#000",
	"sapUiChartGridlineColor": "#9ab6cf",
	"sapUiChartReferenceLineColor": "#010203",
	"sapUiChartDataLabelFontColor": "#000",
	"sapUiChartReferenceLineLabelColor": "#000",
	"sapUiChartDataLabelFontSize": "0.75rem",
	"sapUiChartPopoverDataItemFontColor": "#000",
	"sapUiChartPopoverGroupFontColor": "#000",
	"sapUiChartPopoverDataItemFontSize": "0.875rem",
	"sapUiChartPopoverGroupFontSize": "0.875rem",
	"sapUiChartPopoverGroupFontWeight": "bold",
	"sapUiChartScrollBarThumbColor": "#c9dced",
	"sapUiChartScrollBarTrackColor": "#f5f8fa",
	"sapUiChartScrollBarThumbHoverColor": "#bed5e9",
	"sapUiChartMainTitleFontColor": "#000",
	"sapUiChartAxisTitleFontColor": "#000",
	"sapUiChartMainTitleFontSize": "1rem",
	"sapUiChartAxisTitleFontSize": "0.875rem",
	"sapUiChartTitleFontWeight": "bold",
	"sapUiChartLightText": "#3d3d3d",
	"sapUiChartZeroAxisColor": "#223648",
	"sapUiChartDataPointBorderColor": "#fff",
	"sapUiChartDataPointBorderHoverSelectedColor": "#223648",
	"sapUiChartDataPointNotSelectedBackgroundOpacity": "0.6",
	"sapUiChartValueAxisLineOpacity": "0",
	"sapUiChartCategoryAxisLabelFontHoverColor": "#000",
	"sapUiChartCategoryAxisLabelFontPressedColor": "#000",
	"sapUiChartTargetColor": "#010203",
	"sapUiChartTargetShadowColor": "#fff",
	"sapUiChartBubbleBGOpacity": "0.8",
	"sapUiChartScrollbarBorderColor": "#fff",
	"sapUiChartScrollbarBorderSize": "0",
	"sapUiChartScrollbarThumbPadding": "0",
	"sapUiChartNegativeLargeText": "#ab0000",
	"sapUiChartCriticalLargeText": "#5c5c00",
	"sapUiChartPositiveLargeText": "#006362",
	"sapUiChartNeutralLargeText": "#000",
	"sapUiChartDataPointBG": "#4e4c4c",
	"sapUiChartDataPointBGBorderColor": "#4e4c4c",
	"sapUiChartDataLineColorWithBG": "#010203",
	"sapUiChartDataLineColor": "#010203",
	"sapUiChartRadialRemainingCircle": "#595959",
	"sapUiChartRadialRemainingCircleBorderColor": "#595959",
	"sapUiChartRadialBG": "#fff",
	"sapUiChartPaletteQualitativeHue1": "#286ac3",
	"sapUiChartPaletteQualitativeHue2": "#d74114",
	"sapUiChartPaletteQualitativeHue3": "#057d47",
	"sapUiChartPaletteQualitativeHue4": "#e11e48",
	"sapUiChartPaletteQualitativeHue5": "#642eb2",
	"sapUiChartPaletteQualitativeHue6": "#03778c",
	"sapUiChartPaletteQualitativeHue7": "#232deb",
	"sapUiChartPaletteQualitativeHue8": "#9b136f",
	"sapUiChartPaletteQualitativeHue9": "#395563",
	"sapUiChartPaletteQualitativeHue10": "#e02e2e",
	"sapUiChartPaletteQualitativeHue11": "#0d3367",
	"sapUiChartPaletteSemanticBadLight3": "#ff4f4f",
	"sapUiChartPaletteSemanticBadLight2": "#ff1c1c",
	"sapUiChartPaletteSemanticBadLight1": "#e80000",
	"sapUiChartPaletteSemanticBad": "#ab0000",
	"sapUiChartPaletteSemanticBadDark1": "#870101",
	"sapUiChartPaletteSemanticBadDark2": "#5e0101",
	"sapUiChartPaletteSemanticCriticalLight3": "#f5f500",
	"sapUiChartPaletteSemanticCriticalLight2": "#b3b300",
	"sapUiChartPaletteSemanticCriticalLight1": "#808000",
	"sapUiChartPaletteSemanticCritical": "#5c5c00",
	"sapUiChartPaletteSemanticCriticalDark1": "#424200",
	"sapUiChartPaletteSemanticCriticalDark2": "#1f1f00",
	"sapUiChartPaletteSemanticGoodLight3": "#00fcf9",
	"sapUiChartPaletteSemanticGoodLight2": "#00bab8",
	"sapUiChartPaletteSemanticGoodLight1": "#008785",
	"sapUiChartPaletteSemanticGood": "#006362",
	"sapUiChartPaletteSemanticGoodDark1": "#003f3f",
	"sapUiChartPaletteSemanticGoodDark2": "#001716",
	"sapUiChartPaletteSemanticNeutralLight3": "#4e4c4c",
	"sapUiChartPaletteSemanticNeutralLight2": "#343232",
	"sapUiChartPaletteSemanticNeutralLight1": "#1a1a1a",
	"sapUiChartPaletteSemanticNeutral": "#000000",
	"sapUiChartPaletteSemanticNeutralDark1": "#000",
	"sapUiChartPaletteSemanticNeutralDark2": "#000",
	"sapUiChartPaletteSequentialHue1Light3": "#9abcea",
	"sapUiChartPaletteSequentialHue1Light2": "#74a3e2",
	"sapUiChartPaletteSequentialHue1Light1": "#4e8adb",
	"sapUiChartPaletteSequentialHue1": "#286ac3",
	"sapUiChartPaletteSequentialHue1Dark1": "#1e4e90",
	"sapUiChartPaletteSequentialHue1Dark2": "#173c6e",
	"sapUiChartPaletteSequentialHue2Light3": "#f5a78f",
	"sapUiChartPaletteSequentialHue2Light2": "#f18665",
	"sapUiChartPaletteSequentialHue2Light1": "#ed643b",
	"sapUiChartPaletteSequentialHue2": "#d74114",
	"sapUiChartPaletteSequentialHue2Dark1": "#9f300f",
	"sapUiChartPaletteSequentialHue2Dark2": "#7a250b",
	"sapUiChartPaletteSequentialHue3Light3": "#25f698",
	"sapUiChartPaletteSequentialHue3Light2": "#09e481",
	"sapUiChartPaletteSequentialHue3Light1": "#07b868",
	"sapUiChartPaletteSequentialHue3": "#057d47",
	"sapUiChartPaletteSequentialHue3Dark1": "#034226",
	"sapUiChartPaletteSequentialHue3Dark2": "#011b0f",
	"sapUiChartPaletteSequentialNeutralLight3": "#4e4c4c",
	"sapUiChartPaletteSequentialNeutralLight2": "#343232",
	"sapUiChartPaletteSequentialNeutralLight1": "#1a1a1a",
	"sapUiChartPaletteSequentialNeutral": "#000000",
	"sapUiChartPaletteSequentialNeutralDark1": "#000",
	"sapUiChartPaletteSequentialNeutralDark2": "#000",
	"sapUiChoroplethBG": "#6b6b6b",
	"sapUiChoroplethRegionBorder": "#bdcfdf",
	"sapUiChoroplethRegionBG": "#343232",
	"sapUiMapLegendBG": "#fff",
	"sapUiMapLegendBorderColor": "#779dbf",
	"sapUiShellHoverBackground": "#94b9db",
	"sapUiShellActiveBackground": "#79a8d2",
	"sapUiShellActiveTextColor": "#fff",
	"sapUiShellHoverToggleBackground": "#4082bf",
	"sapUiUx3ShellHeaderColor": "#2d6699",
	"sapUiUx3ShellBackgroundColor": "#eaf0f6",
	"sapUiUx3ShellHoverColor": "#000",
	"sapUiUx3ShellGradientBottom": "#5293cc",
	"sapUiUx3ShellGradientTop": "#abc2e3",
	"sapUiUx3ShellToolPaletteIconFontColor": "#8899aa",
	"sapUiUx3ExactLstExpandOffset": "0 0",
	"sapUiUx3ExactLstRootExpandOffset": "0 3",
	"sapUiUx3ExactLstContentTop": "25px",
	"sapUiLinkActive": "#204ba2",
	"sapUiLinkVisited": "#204ba2",
	"sapUiLinkHover": "#204ba2",
	"sapUiLinkInverted": "#204ba2",
	"sapUiNotificationBarBG": "rgba(128,128,128,0.92)",
	"sapUiNotifierSeparator": "grey",
	"sapUiNotifierSeparatorWidth": "2px",
	"sapUiNotificationBarBorder": "rgba(128,128,128,0.92)",
	"sapUiUx3ToolPopupInverted": "true",
	"sapUiUx3ToolPopupArrowRightMarginCorrection": "-2px",
	"sapUiUx3ToolPopupShadow": "0px 6px 12px 0px rgba(0,0,0,0.3)",
	"sapUiCalloutShadow": "0px 6px 12px 0px rgba(0,0,0,0.3)",
	"sapUiButtonIconColor": "#456585",
	"sapUiButtonActiveBackground": "#fcdd82",
	"sapUiButtonActiveBorderColor": "#fcdd82",
	"sapUiButtonActiveTextColor": "#000",
	"sapUiButtonEmphasizedHoverBackground": "#f6e99e",
	"sapUiButtonEmphasizedHoverBorderColor": "#f6e99e",
	"sapUiButtonEmphasizedActiveBackground": "#fcdd82",
	"sapUiButtonEmphasizedActiveBorderColor": "#fcdd82",
	"sapUiButtonEmphasizedTextShadow": "rgba(0,0,0,0.5)",
	"sapUiButtonAcceptBorderColor": "#008a3b",
	"sapUiButtonAcceptHoverBackground": "#f5c12e",
	"sapUiButtonAcceptHoverBorderColor": "#008a3b",
	"sapUiButtonAcceptActiveBackground": "#008a3b",
	"sapUiButtonAcceptActiveBorderColor": "#008a3b",
	"sapUiButtonAcceptTextColor": "#fff",
	"sapUiButtonRejectBorderColor": "#d0001d",
	"sapUiButtonRejectHoverBackground": "#f5c12e",
	"sapUiButtonRejectHoverBorderColor": "#d0001d",
	"sapUiButtonRejectActiveBackground": "#d0001d",
	"sapUiButtonRejectActiveBorderColor": "#d0001d",
	"sapUiButtonRejectTextColor": "#fff",
	"sapUiButtonLiteBackground": "rgba(0,0,0,0)",
	"sapUiButtonLiteBorderColor": "rgba(0,0,0,0)",
	"sapUiButtonLiteTextColor": "#000",
	"sapUiButtonLiteHoverBackground": "rgba(195,146,9,0.5)",
	"sapUiButtonLiteHoverBorderColor": "rgba(195,146,9,0.5)",
	"sapUiButtonLiteActiveBackground": "#fcdd82",
	"sapUiButtonLiteActiveBorderColor": "#fcdd82",
	"sapUiButtonHeaderTextColor": "#000",
	"sapUiButtonHeaderDisabledTextColor": "#000",
	"sapUiButtonFooterTextColor": "#000",
	"sapUiButtonFooterHoverBackground": "rgba(195,146,9,0.5)",
	"sapUiButtonActionSelectBackground": "#EAF1F6",
	"sapUiButtonActionSelectBorderColor": "#cddeea",
	"sapUiButtonLiteActionSelectHoverBackground": "#dfeaf1",
	"sapUiToggleButtonPressedBackground": "#fcdd82",
	"sapUiToggleButtonPressedBorderColor": "#fbd669",
	"sapUiToggleButtonPressedTextColor": "#000",
	"sapUiToggleButtonPressedHoverBackground": "#fbd669",
	"sapUiToggleButtonPressedHoverBorderColor": "#fbd669",
	"sapUiToggleButtonPressedDisabledBackground": "#fcdd82",
	"sapUiToggleButtonPressedDisabledBorderColor": "#fbd669",
	"sapUiToggleButtonPressedDisabledTextColor": "#bfbfbf",
	"sapUiSegmentedButtonBackground": "#f9f1c3",
	"sapUiSegmentedButtonBorderColor": "#787878",
	"sapUiSegmentedButtonTextColor": "#000",
	"sapUiSegmentedButtonHoverBackground": "#f5c12e",
	"sapUiSegmentedButtonActiveBackground": "#fcdd82",
	"sapUiSegmentedButtonActiveTextColor": "#000",
	"sapUiSegmentedButtonSelectedBackground": "#fcdd82",
	"sapUiSegmentedButtonSelectedTextColor": "#000",
	"sapUiSegmentedButtonSelectedHoverBackground": "#fbd669",
	"sapUiSegmentedButtonSelectedHoverBorderColor": "#fbd669",
	"sapUiSegmentedButtonIconColor": "#456585",
	"sapUiSegmentedButtonActiveIconColor": "#456585",
	"sapUiSegmentedButtonSelectedIconColor": "#456585",
	"sapUiSegmentedButtonFooterBorderColor": "#787878",
	"sapUiSegmentedButtonFooterHoverBackground": "#f5c12e",
	"sapUiFieldActiveBackground": "#fcdd82",
	"sapUiFieldActiveBorderColor": "#fcdd82",
	"sapUiFieldActiveTextColor": "#fff",
	"sapUiFieldPlaceholderTextColor": "#707070",
	"sapUiListTextColor": "#333",
	"sapUiListVerticalBorderColor": "#b7c1cd",
	"sapUiListActiveBackground": "#ff7800",
	"sapUiListActiveTextColor": "#fff",
	"sapUiListSelectionHoverBackground": "#fcd973",
	"sapUiListFooterBackground": "#EAF1F6",
	"sapUiListFooterTextColor": "#000",
	"sapUiListGroupHeaderBackground": "#fff",
	"sapUiListTableGroupHeaderBackground": "#f2f2f2",
	"sapUiListTableGroupHeaderBorderColor": "#a2afbe",
	"sapUiListTableGroupHeaderTextColor": "#333",
	"sapUiListTableFooterBorder": "#a2afbe",
	"sapUiListTableFixedBorder": "#677c93",
	"sapUiListTableTextSize": "0.875rem",
	"sapUiListTableIconSize": "1rem",
	"sapUiPageFooterBorderColor": "#cddeea",
	"sapUiInfobarHoverBackground": "#ebebeb",
	"sapUiInfobarActiveBackground": "#d9d9d9",
	"sapUiCalendarColorToday": "#000",
	"sapUiShadowLevel0": "0 0 0.125rem 0 rgba(0,0,0,0.3)",
	"sapUiShadowLevel1": "0 0.125rem 0.375rem 0 rgba(0,0,0,0.2), 0 0 0.125rem 0 rgba(0,0,0,0.3)",
	"sapUiShadowLevel2": "0 0.375rem 0.750rem 0 rgba(0,0,0,0.3), 0 0 0.125rem 0 rgba(0,0,0,0.3)",
	"sapUiShadowLevel3": "0 1.250rem 2rem 0 rgba(0,0,0,0.5), 0 0 0.125rem 0 rgba(0,0,0,0.3)",
	"sapUiShadowText": "0 1px rgba(255,255,255,0.5)",
	"sapUiShadowHeader": "0 0.125rem 0 0 #fff",
	"sapUiUx3ShellHeaderImageURL": "",
	"sapUiUx3ShellApplicationImageURL": "none",
	"sapUiPurple": "purple",
	"sapUiOrange": "orange",
	"sapUiGreen": "green",
	"sapUiBlue": "blue",
	"sapUiRed": "red",
	"sapUiYellow": "yellow",
	"sapUiBase": "#000",
	"sapUiBaseBorder": "#000",
	"sapUiBaseLine": "#000",
	"sapUiWhite": "#FFFFFF",
	"sapUiWhiteBG": "#fff",
	"sapUiExtraLightBG": "#eaf0f6",
	"sapUiLightBG": "lightgray",
	"sapUiMediumBG": "gray",
	"sapUiDarkBG": "darkgray",
	"sapUiDeepBG": "black",
	"sapUiBlackBG": "#000000",
	"sapUiHoverBG": "grey",
	"sapUiMediumAltBG": "grey",
	"sapUiDarkAltBG": "darkgrey",
	"sapUiButtonStandardBG": "#eaf0f6",
	"sapUiButtonEmphasizedBG": "yellow",
	"sapUiButtonNegativeBG": "red",
	"sapUiButtonPositiveBG": "green",
	"sapUiReadOnlyBG": "grey",
	"sapUiExtraLightText": "lightgray",
	"sapUiLightText": "lightgray",
	"sapUiMediumText": "grey",
	"sapUiDarkText": "darkgrey",
	"sapUiDeepText": "black",
	"sapUiText": "#000",
	"sapUiTextInverted": "#fff",
	"sapUiWhiteBorder": "#fff",
	"sapUiExtraLightBorder": "lightgrey",
	"sapUiLightBorder": "grey",
	"sapUiMediumBorder": "#000",
	"sapUiDarkBorder": "#000",
	"sapUiBlackBorder": "#000",
	"sapUiElement": "lightgrey",
	"sapUiInvertedElement": "#ffffff",
	"sapUiLightLine": "lightgrey",
	"sapUiMediumLine": "grey",
	"sapUiEmphasizedLine": "#fcdd82",
	"sapUiDarkLine": "darkgrey",
	"sapUiLightShadowTint": "#ffffff",
	"sapUiDarkShadowTint": "#000000",
	"sapUiFocus": "#000000",
	"sapUiInvertedFocus": "#ffffff",
	"sapUiTableRowBG": "#FFFFFF",
	"sapUiTableRowAlternatingBG": "#FFFFFF",
	"sapUiTableRowSelectionBG": "#fcdd82",
	"sapUiTableRowSelectionReadOnlyBG": "#fcdd82",
	"sapUiTableRowHoverBG": "grey",
	"sapUiListBG": "#f7f7f7",
	"sapUiTextColor": "green",
	"sapUiTextTitleColor": "green",
	"sapUiTextSelectionColor": "green",
	"sapUiTextDisabled": "#999",
	"sapUiTextSelection": "#fff",
	"sapUiTextfieldBackground": "#FFFFFF",
	"sapUiFontMonospaceFamily": "Lucida Console",
	"sapUiUx3ShellSideBarBaseWidth": "40px",
	"sapUiUx3ShellPaneOverflowButtonHeight": "120px",
	"sapUiUx3ExactLstCollapseWidth": "24px",
	"sapUiUx3ExactLstHeaderHeight": "25px",
	"sapUiNotificationBarBG_IE": "grey",
	"sapUiNotifierHoverColor": "#fcdd82",
	"sapUiNotificationText": "#000",
	"sapUiNotificationTimestamp": "#545454",
	"sapUiNotificationBarCalloutBorder": "rgba(128,128,128,0)",
	"sapUiNotificationBarCalloutBorder_IE": "grey",
	"sapUiNotificationBarCalloutArr": "rgba(128,128,128,0.92)",
	"sapUiNotificationBarHeight": "40px",
	"sapUiNotificationBarHeightMinimized": "0px",
	"sapUiNotificationBarHeightMaximized": "40%",
	"sapUiNotifierWidth": "40px",
	"sapUiRIIconPaddingXS": "1px",
	"sapUiRIIconPaddingS": "0.125rem",
	"sapUiRIIconPaddingM": "0.125rem",
	"sapUiRIIconPaddingL": "0.25rem",
	"sapUiUx3ToolPopupArrowWidth": "13px",
	"sapUiUx3ToolPopupArrowHeight": "24px",
	"sapUiUx3ToolPopupArrowRightMarginCorrectionInverted": "-7px",
	"sapUiUx3TPPaddingBottom": "50px",
	"sapUiButtonEmphasizedDisabledBorderColor": "#010101",
	"sapUiButtonEmphasizedDisabledBackground": "#f8eeb5",
	"sapUiButtonAcceptDisabledBorderColor": "#008a3b",
	"sapUiButtonAcceptDisabledBackground": "#008a3b",
	"sapUiButtonRejectDisabledBorderColor": "#d0001d",
	"sapUiButtonRejectDisabledBackground": "#d0001d",
	"sapUiPositiveBG": "#B5E7A8",
	"sapUiShadowTint": "#000",
	"sapUiShadow": "5px 5px 10px rgba(0,0,0,0.5)",
	"sapUiThemeDesignerCustomCss": "false",
	"sapUiMarginTiny": "0.5rem",
	"sapUiMarginSmall": "1rem",
	"sapUiMarginMedium": "2rem",
	"sapUiMarginLarge": "3rem",
	"sapUiEscapedEmptyString": ""
}