{
	"zipInfo": {
		"creatorName": "Theming Engine",
		"creatorVersion": "1.32.4",
		"created": "2018-04-20T21:45:23Z",
		"lessVersion": "1.6.3",
		"compression": "none",
		"exportMode": "ALL_LOCAL"
	},
	"contentInfo": {
		"sourcePath": "https://themedesigner-themedesigner.dispatcher.hanatrial.ondemand.com/theming/repository/~v=Base:11.0.13,UR:10.30.7.298483.0,UI5:1.44.24",
		"frameworks": {
			"UR": {
				"version": "10.30.7.298483.0"
			},
			"UI5": {
				"version": "1.44.24"
			},
			"Base": {
				"version": "11.0.13"
			}
		},
		"libraries": {
			"UR.baseLib": {
				"version": "10.30.7.298483.0"
			},
			"UR.flash": {
				"version": "10.30.7.298483.0"
			},
			"UR.ls": {
				"version": "10.30.7.298483.0"
			},
			"UR.silverlight": {
				"version": "10.30.7.298483.0"
			},
			"UI5.sap/ca/ui": {
				"version": "1.44.2"
			},
			"UI5.sap/f": {
				"version": "1.44.23"
			},
			"UI5.sap/fiori": {
				"version": "1.44.24"
			},
			"UI5.sap/gantt": {
				"version": "1.44.16"
			},
			"UI5.sap/m": {
				"version": "1.44.23"
			},
			"UI5.sap/me": {
				"version": "1.44.23"
			},
			"UI5.sap/ovp": {
				"version": "1.44.17"
			},
			"UI5.sap/rules/ui": {
				"version": "1.44.5"
			},
			"UI5.sap/suite/ui/commons": {
				"version": "1.44.12"
			},
			"UI5.sap/suite/ui/generic/template": {
				"version": "1.44.17"
			},
			"UI5.sap/suite/ui/microchart": {
				"version": "1.44.23"
			},
			"UI5.sap/tnt": {
				"version": "1.44.23"
			},
			"UI5.sap/ui/commons": {
				"version": "1.44.23"
			},
			"UI5.sap/ui/comp": {
				"version": "1.44.23"
			},
			"UI5.sap/ui/core": {
				"version": "1.44.23"
			},
			"UI5.sap/ui/dt": {
				"version": "1.44.23"
			},
			"UI5.sap/ui/layout": {
				"version": "1.44.23"
			},
			"UI5.sap/ui/rta": {
				"version": "1.44.23"
			},
			"UI5.sap/ui/suite": {
				"version": "1.44.23"
			},
			"UI5.sap/ui/table": {
				"version": "1.44.23"
			},
			"UI5.sap/ui/unified": {
				"version": "1.44.23"
			},
			"UI5.sap/ui/ux3": {
				"version": "1.44.23"
			},
			"UI5.sap/ui/vbm": {
				"version": "1.44.13"
			},
			"UI5.sap/ui/vk": {
				"version": "1.44.11"
			},
			"UI5.sap/ushell": {
				"version": "1.44.20"
			},
			"UI5.sap/uxap": {
				"version": "1.44.23"
			},
			"UI5.sap/viz": {
				"version": "1.44.23"
			},
			"UI5.sap/zen/commons": {
				"version": "1.44.8"
			},
			"UI5.sap/zen/crosstab": {
				"version": "1.44.8"
			},
			"Base.baseLib": {
				"version": "11.0.13"
			}
		},
		"themes": {
			"halredgraytheme": {
				"id": "halredgraytheme",
				"extends": "sap_belize",
				"label": "SAP Halliburton",
				"vendor": "",
				"textDirections": "LTR"
			},
			"halredgraytheme--Contrast": {
				"id": "halredgraytheme--Contrast",
				"extends": "sap_belize_plus",
				"label": "",
				"vendor": "",
				"textDirections": ""
			}
		}
	}
}