{
	"default": {
		"sapBrandColor": "#ce1126",
		"sapHighlightColor": "#ce1126",
		"sapBaseColor": "#eff4f9",
		"sapShellColor": "transparent",
		"sapBackgroundColor": "#fafafa",
		"sapFontFamily": "\"72\", Arial, Helvetica, sans-serif",
		"sapFontSize": "0.75em",
		"sapTextColor": "#333333",
		"sapLinkColor": "#ce1126",
		"sapCompanyLogo": "none",
		"sapBackgroundImage": "none",
		"sapBackgroundImageOpacity": "1.0",
		"sapBackgroundImageRepeat": "false",
		"sapSelectedColor": "#ce1126",
		"sapActiveColor": "#ce1126",
		"sapHighlightTextColor": "#fff",
		"sapTitleColor": "#6d757a",
		"sapNegativeColor": "#bb0000",
		"sapCriticalColor": "#e78c07",
		"sapPositiveColor": "#2b7d2b",
		"sapNeutralColor": "#5e696e",
		"sapNegativeElementColor": "#bb0000",
		"sapCriticalElementColor": "#e78c07",
		"sapPositiveElementColor": "#2b7d2b",
		"sapNeutralElementColor": "#5e696e",
		"sapContent_LineHeight": "1.3",
		"sapContent_ElementHeight": "1.37em",
		"sapContent_ElementHeight_PX": "22px",
		"sapContent_IconHeight": "16px",
		"sapContent_IconColor": "#6d757a",
		"sapContent_ContrastIconColor": "#fff",
		"sapContent_NonInteractiveIconColor": "#bca9a9",
		"sapContent_MarkerIconColor": "#678bc7",
		"sapContent_FocusColor": "#000",
		"sapContent_ContrastFocusColor": "#fff",
		"sapContent_ShadowColor": "#000",
		"sapContent_ContrastShadowColor": "#fff",
		"sapContent_SearchHighlightColor": "#d4f7db",
		"sapContent_HelpColor": "#3f8600",
		"sapContent_LabelColor": "#6d757a",
		"sapContent_MonospaceFontFamily": "lucida console, monospace",
		"sapContent_DisabledTextColor": "rgba(51,51,51,0.5)",
		"sapContent_DisabledOpacity": "0.5",
		"sapContent_ContrastTextThreshold": "0.65",
		"sapContent_ContrastTextColor": "#fff",
		"sapContent_ForegroundColor": "#e5e5e5",
		"sapContent_ForegroundBorderColor": "#bfbfbf",
		"sapContent_ForegroundTextColor": "#333",
		"sapShell_Background": "#ffffff",
		"sapShell_BackgroundImage": "linear-gradient(to bottom, #ebebeb, #fff)",
		"sapShell_BackgroundGradient": "linear-gradient(to bottom, #ebebeb, #fff)",
		"sapShell_BackgroundImageOpacity": "1.0",
		"sapShell_BackgroundImageRepeat": "false",
		"sapShell_BorderColor": "transparent",
		"sapShell_TextColor": "#9f0d1d",
		"sapShell_Favicon": "none",
		"sapButton_BorderWidth": "1px",
		"sapButton_BorderCornerRadius": "3px",
		"sapButton_Background": "#f7f7f7",
		"sapButton_BorderColor": "#ababab",
		"sapButton_TextColor": "#9f0d1d",
		"sapButton_Disabled_Background": "lime",
		"sapButton_Disabled_BorderColor": "lime",
		"sapButton_Disabled_TextColor": "lime",
		"sapButton_Hover_Background": "#eaeaea",
		"sapButton_Hover_BorderColor": "#ababab",
		"sapButton_Hover_TextColor": "#9f0d1d",
		"sapButton_Emphasized_Background": "#71787e",
		"sapButton_Emphasized_BorderColor": "#656b71",
		"sapButton_Emphasized_TextColor": "#fff",
		"sapButton_Reject_Background": "#f7f7f7",
		"sapButton_Accept_Background": "#f7f7f7",
		"sapField_Background": "#ffffff",
		"sapField_BorderColor": "#bfbfbf",
		"sapField_TextColor": "#000",
		"sapField_HelpBackground": "#ffffff",
		"sapField_BorderWidth": "1px",
		"sapField_BorderCornerRadius": "0",
		"sapField_Hover_Background": "#ffffff",
		"sapField_Hover_BorderColor": "#ce1126",
		"sapField_Hover_HelpBackground": "#ce1126",
		"sapField_Focus_Background": "#ffffff",
		"sapField_Focus_BorderColor": "#bfbfbf",
		"sapField_Focus_HelpBackground": "#ffffff",
		"sapField_Disabled_Background": "lime",
		"sapField_Disabled_BorderColor": "lime",
		"sapField_Disabled_TextColor": "rgba(0,0,0,0.5)",
		"sapField_Disabled_HelpBackground": "lime",
		"sapField_ReadOnly_Background": "rgba(242,242,242,0.5)",
		"sapField_ReadOnly_BorderColor": "#ccc",
		"sapField_ReadOnly_HelpBackground": "rgba(242,242,242,0.5)",
		"sapField_RequiredColor": "#c14646",
		"sapField_InvalidColor": "#e00",
		"sapField_InvalidBackground": "#ffffff",
		"sapField_WarningColor": "#f9a429",
		"sapField_WarningBackground": "#ffffff",
		"sapField_SuccessColor": "#38a338",
		"sapField_SuccessBackground": "#ffffff",
		"sapGroup_TitleBackground": "transparent",
		"sapGroup_TitleBorderColor": "#ccc",
		"sapGroup_TitleTextColor": "#6d757a",
		"sapGroup_Title_FontSize": "1.0em",
		"sapGroup_ContentBackground": "#fff",
		"sapGroup_ContentBorderColor": "#ebebeb",
		"sapGroup_BorderWidth": "1px",
		"sapGroup_BorderCornerRadius": "0",
		"sapGroup_FooterBackground": "transparent",
		"sapToolbar_Background": "transparent",
		"sapToolbar_SeparatorColor": "rgba(63,81,97,0.2)",
		"sapList_HeaderBackground": "#f7f7f7",
		"sapList_HeaderBorderColor": "#e5e5e5",
		"sapList_HeaderTextColor": "#6d757a",
		"sapList_BorderColor": "#e5e5e5",
		"sapList_BorderWidth": "1px",
		"sapList_HighlightColor": "#ce1126",
		"sapList_SelectionBackgroundColor": "#fbd4d8",
		"sapList_Background": "#ffffff",
		"sapList_Hover_Background": "#f0f0f0",
		"sapScrollBar_FaceColor": "#b2b2b2",
		"sapScrollBar_TrackColor": "#fff",
		"sapScrollBar_BorderColor": "#b2b2b2",
		"sapScrollBar_SymbolColor": "#6d757a",
		"sapScrollBar_Dimension": "16px",
		"sapScrollBar_Hover_FaceColor": "#aaa",
		"sapPageHeader_Background": "#ffffff",
		"sapPageHeader_BorderColor": "#ebebeb",
		"sapPageHeader_TextColor": "#666",
		"sapPageFooter_Background": "#ffffff",
		"sapPageFooter_TextColor": "#333",
		"sapInfobar_Background": "#6d757a",
		"sapObjectHeader_Background": "#eaeaea",
		"sapBlockLayer_Background": "#000",
		"sapTile_Background": "#ffffff",
		"sapTile_BorderColor": "transparent",
		"sapTile_TitleTextColor": "#333",
		"sapTile_TextColor": "#666",
		"sapTile_IconColor": "#c7cbcd",
		"sapChart_OrderedColor_1": "#5899da",
		"sapChart_OrderedColor_2": "#e8743b",
		"sapChart_OrderedColor_3": "#19a979",
		"sapChart_OrderedColor_4": "#ed4a7b",
		"sapChart_OrderedColor_5": "#945ecf",
		"sapChart_OrderedColor_6": "#13a4b4",
		"sapChart_OrderedColor_7": "#525df4",
		"sapChart_OrderedColor_8": "#bf399e",
		"sapChart_OrderedColor_9": "#6c8893",
		"sapChart_OrderedColor_10": "#ee6868",
		"sapChart_OrderedColor_11": "#2f6497",
		"sapChart_Bad": "#dc0d0e",
		"sapChart_Critical": "#de890d",
		"sapChart_Good": "#3fa45b",
		"sapChart_Neutral": "#848f94",
		"sapChart_Sequence_1": "#5899da",
		"sapChart_Sequence_2": "#e8743b",
		"sapChart_Sequence_3": "#19a979",
		"sapChart_Sequence_Neutral": "#848f94",
		"sapUiBrand": "#ce1126",
		"sapUiHighlight": "#ce1126",
		"sapUiBaseColor": "#eff4f9",
		"sapUiShellColor": "transparent",
		"sapUiBaseBG": "#fafafa",
		"sapUiGlobalBackgroundColor": "#fafafa",
		"sapUiBaseText": "#333333",
		"sapUiLink": "#ce1126",
		"sapUiGlobalLogo": "none",
		"sapUiGlobalBackgroundImage": "none",
		"sapUiBackgroundImage": "none",
		"sapUiUx3ShellBackgroundImageURL": "none",
		"sapUiGlobalBackgroundImageOpacity": "1.0",
		"sapUiGlobalBackgroundRepeat": "false",
		"sapUiSelected": "#ce1126",
		"sapUiActive": "#ce1126",
		"sapUiHighlightTextColor": "#fff",
		"sapUiTextTitle": "#6d757a",
		"sapUiContentIconColor": "#6d757a",
		"sapUiContentContrastIconColor": "#fff",
		"sapUiContentNonInteractiveIconColor": "#bca9a9",
		"sapUiContentMarkerIconColor": "#678bc7",
		"sapUiContentImagePlaceholderBackground": "#ceddec",
		"sapUiContentImagePlaceholderForegroundColor": "#fff",
		"sapUiContentFocusColor": "#000",
		"sapUiContentContrastFocusColor": "#fff",
		"sapUiContentShadowColor": "#000",
		"sapUiContentContrastShadowColor": "#fff",
		"sapUiContentSearchHighlightColor": "#d4f7db",
		"sapUiContentHelpColor": "#3f8600",
		"sapUiContentLabelColor": "#6d757a",
		"sapUiContentDisabledTextColor": "rgba(51,51,51,0.5)",
		"sapUiContentDisabledOpacity": "0.5",
		"sapUiContentContrastTextThreshold": "0.65",
		"sapUiContentContrastTextColor": "#fff",
		"sapUiContentForegroundColor": "#e5e5e5",
		"sapUiContentForegroundBorderColor": "#bfbfbf",
		"sapUiContentForegroundTextColor": "#333",
		"sapUiShellBackground": "#ffffff",
		"sapUiShellBackgroundImage": "linear-gradient(to bottom, #ebebeb, #fff)",
		"sapUiShellBackgroundImageOpacity": "1.0",
		"sapUiShellBackgroundImageRepeat": "false",
		"sapUiShellBackgroundGradient": "linear-gradient(to bottom, #ebebeb, #fff)",
		"sapUiShellBorderColor": "transparent",
		"sapUiShellTextColor": "#9f0d1d",
		"sapUiShellFavicon": "none",
		"sapUiButtonBackground": "#f7f7f7",
		"sapUiButtonBorderColor": "#ababab",
		"sapUiButtonTextColor": "#9f0d1d",
		"sapUiButtonDisabledBackground": "lime",
		"sapUiButtonDisabledBorderColor": "lime",
		"sapUiButtonDisabledTextColor": "lime",
		"sapUiButtonHoverBackground": "#eaeaea",
		"sapUiButtonHoverBorderColor": "#ababab",
		"sapUiButtonHoverTextColor": "#9f0d1d",
		"sapUiButtonEmphasizedBackground": "#71787e",
		"sapUiButtonEmphasizedBorderColor": "#656b71",
		"sapUiButtonEmphasizedTextColor": "#fff",
		"sapUiButtonRejectBackground": "#f7f7f7",
		"sapUiButtonAcceptBackground": "#f7f7f7",
		"sapUiFieldBackground": "#ffffff",
		"sapUiFieldBorderColor": "#bfbfbf",
		"sapUiFieldTextColor": "#000",
		"sapUiFieldHelpBackground": "#ffffff",
		"sapUiFieldHoverBackground": "#ffffff",
		"sapUiFieldHoverBorderColor": "#ce1126",
		"sapUiFieldHoverHelpBackground": "#ce1126",
		"sapUiFieldFocusBackground": "#ffffff",
		"sapUiFieldFocusBorderColor": "#bfbfbf",
		"sapUiFieldFocusHelpBackground": "#ffffff",
		"sapUiFieldReadOnlyBackground": "rgba(242,242,242,0.5)",
		"sapUiFieldReadOnlyBorderColor": "#ccc",
		"sapUiFieldReadOnlyHelpBackground": "rgba(242,242,242,0.5)",
		"sapUiFieldDisabledBackground": "lime",
		"sapUiFieldDisabledBorderColor": "lime",
		"sapUiFieldDisabledTextColor": "rgba(0,0,0,0.5)",
		"sapUiFieldDisabledHelpBackground": "lime",
		"sapUiFieldRequiredColor": "#c14646",
		"sapUiFieldInvalidColor": "#e00",
		"sapUiFieldInvalidBackground": "#ffffff",
		"sapUiFieldWarningColor": "#f9a429",
		"sapUiFieldWarningBackground": "#ffffff",
		"sapUiFieldSuccessColor": "#38a338",
		"sapUiFieldSuccessBackground": "#ffffff",
		"sapUiGroupTitleBackground": "transparent",
		"sapUiGroupTitleBorderColor": "#ccc",
		"sapUiGroupTitleTextColor": "#6d757a",
		"sapUiGroupContentBackground": "#fff",
		"sapUiGroupContentBorderColor": "#ebebeb",
		"sapUiGroupFooterBackground": "transparent",
		"sapUiToolbarBackground": "transparent",
		"sapUiToolbarSeparatorColor": "rgba(63,81,97,0.2)",
		"sapUiListHeaderBackground": "#f7f7f7",
		"sapUiListHeaderBorderColor": "#e5e5e5",
		"sapUiListHeaderTextColor": "#6d757a",
		"sapUiListBorderColor": "#e5e5e5",
		"sapUiListHighlightColor": "#ce1126",
		"sapUiListSelectionBackgroundColor": "#fbd4d8",
		"sapUiListBackground": "#ffffff",
		"sapUiListHoverBackground": "#f0f0f0",
		"sapUiScrollBarFaceColor": "#b2b2b2",
		"sapUiScrollBarTrackColor": "#fff",
		"sapUiScrollBarBorderColor": "#b2b2b2",
		"sapUiScrollBarSymbolColor": "#6d757a",
		"sapUiScrollBarHoverFaceColor": "#aaa",
		"sapUiPageHeaderBackground": "#ffffff",
		"sapUiPageHeaderBorderColor": "#ebebeb",
		"sapUiPageHeaderTextColor": "#666",
		"sapUiPageFooterBackground": "#ffffff",
		"sapUiPageFooterTextColor": "#333",
		"sapUiInfobarBackground": "#6d757a",
		"sapUiObjectHeaderBackground": "#eaeaea",
		"sapUiBlockLayerBackground": "#000",
		"sapUiTileBackground": "#ffffff",
		"sapUiTileBorderColor": "transparent",
		"sapUiTileTitleTextColor": "#333",
		"sapUiTileTextColor": "#666",
		"sapUiTileIconColor": "#c7cbcd",
		"sapUiChart1": "#5899da",
		"sapUiChart2": "#e8743b",
		"sapUiChart3": "#19a979",
		"sapUiChart4": "#ed4a7b",
		"sapUiChart5": "#945ecf",
		"sapUiChart6": "#13a4b4",
		"sapUiChart7": "#525df4",
		"sapUiChart8": "#bf399e",
		"sapUiChart9": "#6c8893",
		"sapUiChart10": "#ee6868",
		"sapUiChart11": "#2f6497",
		"sapUiChartBad": "#dc0d0e",
		"sapUiChartCritical": "#de890d",
		"sapUiChartGood": "#3fa45b",
		"sapUiChartNeutral": "#848f94",
		"sapUiChartSequence1": "#5899da",
		"sapUiChartSequence2": "#e8743b",
		"sapUiChartSequence3": "#19a979",
		"sapUiChartSequenceNeutral": "#848f94",
		"sapUiErrorBG": "#ffe4e4",
		"sapUiWarningBG": "#fef0db",
		"sapUiSuccessBG": "#e4f6e4",
		"sapUiNeutralBG": "#f4f5f6",
		"sapUiErrorBorder": "#e00",
		"sapUiWarningBorder": "#f9a429",
		"sapUiSuccessBorder": "#38a338",
		"sapUiNeutralBorder": "#5e696e",
		"sapUiNegativeElement": "#bb0000",
		"sapUiCriticalElement": "#e78c07",
		"sapUiPositiveElement": "#2b7d2b",
		"sapUiNeutralElement": "#5e696e",
		"sapUiNegativeText": "#bb0000",
		"sapUiCriticalText": "#e78c07",
		"sapUiPositiveText": "#2b7d2b",
		"sapUiNeutralText": "#5e696e",
		"sapUiNegative": "#bb0000",
		"sapUiCritical": "#e78c07",
		"sapUiPositive": "#2b7d2b",
		"sapUiNeutral": "#5e696e",
		"sapUiErrorColor": "#e00",
		"sapUiWarningColor": "#f9a429",
		"sapUiSuccessColor": "#38a338",
		"sapUiFontFamily": "\"72\", Arial, Helvetica, sans-serif",
		"sapUiFontSize": "16px",
		"sapUiFontCondensedFamily": "'Arial Narrow', HelveticaNeue-CondensedBold, Arial, sans-serif",
		"sapUiFontHeaderFamily": "\"72\", Arial, Helvetica, sans-serif",
		"sapUiFontHeaderWeight": "normal",
		"sapMFontHeader1Size": "1.625rem",
		"sapMFontHeader2Size": "1.375rem",
		"sapMFontHeader3Size": "1.250rem",
		"sapMFontHeader4Size": "1.125rem",
		"sapMFontHeader5Size": "1rem",
		"sapMFontHeader6Size": "0.875rem",
		"sapMFontSmallSize": "0.75rem",
		"sapMFontMediumSize": "0.875rem",
		"sapMFontLargeSize": "1rem",
		"sapUiTranslucentBGOpacity": "0",
		"sapMPlatformDependent": "false",
		"sapUiDesktopFontFamily": "\"72\", Arial, Helvetica, sans-serif",
		"sapUiDesktopFontSize": "12px",
		"sapUiFontLargeSize": "13px",
		"sapUiFontSmallSize": "11px",
		"sapUiFontHeader1Size": "26px",
		"sapUiFontHeader2Size": "20px",
		"sapUiFontHeader3Size": "18px",
		"sapUiFontHeader4Size": "16px",
		"sapUiFontHeader5Size": "14px",
		"sapUiFontHeader6Size": "13px",
		"sapUiLineHeight": "18px",
		"sapUiChartLabelHoverColor": "#eaeaea",
		"sapUiChartLabelPressedColor": "#ccc",
		"sapUiChartCategoryAxisLabelFontColor": "#333",
		"sapUiChartValueAxisLabelFontColor": "#707070",
		"sapUiChartCategoryAxisLabelFontSize": "0.75rem",
		"sapUiChartValueAxisLabelFontSize": "0.75rem",
		"sapUiChartCategoryAxisLineColor": "#ccc",
		"sapUiChartValueAxisLineColor": "#ccc",
		"sapUiChartCategoryAxisTickColor": "#ccc",
		"sapUiChartValueAxisTickColor": "#ccc",
		"sapUiChartBackgroundColor": "transparent",
		"sapUiChartLabelFontWeight": "normal",
		"sapUiChartLegendLabelFontColor": "#333",
		"sapUiChartLegendTitleFontColor": "#6d757a",
		"sapUiChartLegendTitleFontSize": "0.875rem",
		"sapUiChartLegendLabelFontSize": "0.75rem",
		"sapUiChartPaletteUndefinedColor": "#000",
		"sapUiChartGridlineColor": "#e5e5e5",
		"sapUiChartReferenceLineColor": "#333",
		"sapUiChartDataLabelFontColor": "#000",
		"sapUiChartReferenceLineLabelColor": "#000",
		"sapUiChartDataLabelFontSize": "0.75rem",
		"sapUiChartPopoverDataItemFontColor": "#000",
		"sapUiChartPopoverGroupFontColor": "#333",
		"sapUiChartPopoverDataItemFontSize": "0.875rem",
		"sapUiChartPopoverGroupFontSize": "0.875rem",
		"sapUiChartPopoverGroupFontWeight": "bold",
		"sapUiChartScrollBarThumbColor": "#b2b2b2",
		"sapUiChartScrollBarTrackColor": "#fff",
		"sapUiChartScrollBarThumbHoverColor": "#aaa",
		"sapUiChartMainTitleFontColor": "#6d757a",
		"sapUiChartAxisTitleFontColor": "#6d757a",
		"sapUiChartMainTitleFontSize": "1rem",
		"sapUiChartAxisTitleFontSize": "0.875rem",
		"sapUiChartTitleFontWeight": "bold",
		"sapUiChartLightText": "#707070",
		"sapUiChartZeroAxisColor": "#666",
		"sapUiChartDataPointBorderColor": "#fff",
		"sapUiChartDataPointBorderHoverSelectedColor": "#666",
		"sapUiChartDataPointNotSelectedBackgroundOpacity": "0.6",
		"sapUiChartValueAxisLineOpacity": "0",
		"sapUiChartCategoryAxisLabelFontHoverColor": "#333",
		"sapUiChartCategoryAxisLabelFontPressedColor": "#333",
		"sapUiChartTargetColor": "#333",
		"sapUiChartTargetShadowColor": "#fff",
		"sapUiChartBubbleBGOpacity": "0.8",
		"sapUiChartScrollbarBorderColor": "#f2f2f2",
		"sapUiChartScrollbarBorderSize": "0",
		"sapUiChartScrollbarThumbPadding": "0",
		"sapUiChartNegativeLargeText": "#dc0d0e",
		"sapUiChartCriticalLargeText": "#de890d",
		"sapUiChartPositiveLargeText": "#3fa45b",
		"sapUiChartNeutralLargeText": "#6a757b",
		"sapUiChartDataPointBG": "#d6dadb",
		"sapUiChartDataPointBGBorderColor": "#d6dadb",
		"sapUiChartDataLineColorWithBG": "#333",
		"sapUiChartDataLineColor": "#333",
		"sapUiChartRadialRemainingCircle": "#e3e6e7",
		"sapUiChartRadialRemainingCircleBorderColor": "#e3e6e7",
		"sapUiChartRadialBG": "#fff",
		"sapUiChartPaletteQualitativeHue1": "#5899da",
		"sapUiChartPaletteQualitativeHue2": "#e8743b",
		"sapUiChartPaletteQualitativeHue3": "#19a979",
		"sapUiChartPaletteQualitativeHue4": "#ed4a7b",
		"sapUiChartPaletteQualitativeHue5": "#945ecf",
		"sapUiChartPaletteQualitativeHue6": "#13a4b4",
		"sapUiChartPaletteQualitativeHue7": "#525df4",
		"sapUiChartPaletteQualitativeHue8": "#bf399e",
		"sapUiChartPaletteQualitativeHue9": "#6c8893",
		"sapUiChartPaletteQualitativeHue10": "#ee6868",
		"sapUiChartPaletteQualitativeHue11": "#2f6497",
		"sapUiChartPaletteSemanticBadLight3": "#f99494",
		"sapUiChartPaletteSemanticBadLight2": "#f66364",
		"sapUiChartPaletteSemanticBadLight1": "#f33334",
		"sapUiChartPaletteSemanticBad": "#dc0d0e",
		"sapUiChartPaletteSemanticBadDark1": "#b90c0d",
		"sapUiChartPaletteSemanticBadDark2": "#93090a",
		"sapUiChartPaletteSemanticCriticalLight3": "#f8cc8c",
		"sapUiChartPaletteSemanticCriticalLight2": "#f5b04d",
		"sapUiChartPaletteSemanticCriticalLight1": "#f29b1d",
		"sapUiChartPaletteSemanticCritical": "#de890d",
		"sapUiChartPaletteSemanticCriticalDark1": "#c67a0c",
		"sapUiChartPaletteSemanticCriticalDark2": "#a4650a",
		"sapUiChartPaletteSemanticGoodLight3": "#a1dbb1",
		"sapUiChartPaletteSemanticGoodLight2": "#71c989",
		"sapUiChartPaletteSemanticGoodLight1": "#4cba6b",
		"sapUiChartPaletteSemanticGood": "#3fa45b",
		"sapUiChartPaletteSemanticGoodDark1": "#358a4d",
		"sapUiChartPaletteSemanticGoodDark2": "#2a6d3c",
		"sapUiChartPaletteSemanticNeutralLight3": "#d6dadb",
		"sapUiChartPaletteSemanticNeutralLight2": "#bac1c4",
		"sapUiChartPaletteSemanticNeutralLight1": "#9ea8ad",
		"sapUiChartPaletteSemanticNeutral": "#848f94",
		"sapUiChartPaletteSemanticNeutralDark1": "#6a757b",
		"sapUiChartPaletteSemanticNeutralDark2": "#596368",
		"sapUiChartPaletteSequentialHue1Light3": "#d5e5f6",
		"sapUiChartPaletteSequentialHue1Light2": "#b0cfed",
		"sapUiChartPaletteSequentialHue1Light1": "#8ab8e5",
		"sapUiChartPaletteSequentialHue1": "#5899da",
		"sapUiChartPaletteSequentialHue1Dark1": "#2c7ac8",
		"sapUiChartPaletteSequentialHue1Dark2": "#2566a7",
		"sapUiChartPaletteSequentialHue2Light3": "#f8d5c4",
		"sapUiChartPaletteSequentialHue2Light2": "#f3b89b",
		"sapUiChartPaletteSequentialHue2Light1": "#ee9b72",
		"sapUiChartPaletteSequentialHue2": "#e8743b",
		"sapUiChartPaletteSequentialHue2Dark1": "#ce5418",
		"sapUiChartPaletteSequentialHue2Dark2": "#a94514",
		"sapUiChartPaletteSequentialHue3Light3": "#71eac2",
		"sapUiChartPaletteSequentialHue3Light2": "#49e4b0",
		"sapUiChartPaletteSequentialHue3Light1": "#21de9f",
		"sapUiChartPaletteSequentialHue3": "#19a979",
		"sapUiChartPaletteSequentialHue3Dark1": "#117453",
		"sapUiChartPaletteSequentialHue3Dark2": "#0c5039",
		"sapUiChartPaletteSequentialNeutralLight3": "#d6dadb",
		"sapUiChartPaletteSequentialNeutralLight2": "#bac1c4",
		"sapUiChartPaletteSequentialNeutralLight1": "#9ea8ad",
		"sapUiChartPaletteSequentialNeutral": "#848f94",
		"sapUiChartPaletteSequentialNeutralDark1": "#6a757b",
		"sapUiChartPaletteSequentialNeutralDark2": "#596368",
		"sapUiChoroplethBG": "#f7f7f8",
		"sapUiChoroplethRegionBorder": "#fff",
		"sapUiChoroplethRegionBG": "#bac1c4",
		"sapUiMapLegendBG": "#fff",
		"sapUiMapLegendBorderColor": "#ccc",
		"sapUiShellHoverBackground": "#9f0d1d",
		"sapUiShellActiveBackground": "#7e0a17",
		"sapUiShellActiveTextColor": "#fff9fa",
		"sapUiShellHoverToggleBackground": "#37050a",
		"sapUiUx3ShellHeaderColor": "transparent",
		"sapUiUx3ShellBackgroundColor": "#eff4f9",
		"sapUiUx3ShellHoverColor": "#787878",
		"sapUiUx3ShellGradientBottom": "transparent",
		"sapUiUx3ShellGradientTop": "rgba(206,24,17,0.03)",
		"sapUiUx3ShellToolPaletteIconFontColor": "#889eb1",
		"sapUiUx3ExactLstExpandOffset": "-1 -2",
		"sapUiUx3ExactLstRootExpandOffset": "0 3",
		"sapUiUx3ExactLstContentTop": "25px",
		"sapUiLinkActive": "#ce1126",
		"sapUiLinkVisited": "#ce1126",
		"sapUiLinkHover": "#ce1126",
		"sapUiLinkInverted": "#f9b2ba",
		"sapUiNotificationBarBG": "rgba(51,51,51,0.98)",
		"sapUiNotifierSeparator": "#000",
		"sapUiNotifierSeparatorWidth": "1px",
		"sapUiNotificationBarBorder": "#666",
		"sapUiUx3ToolPopupInverted": "false",
		"sapUiUx3ToolPopupArrowRightMarginCorrection": "-1px",
		"sapUiUx3ToolPopupShadow": "0px 6px 12px 0px rgba(0,0,0,0.3)",
		"sapUiCalloutShadow": "0px 6px 12px 0px rgba(0,0,0,0.3)",
		"sapUiButtonIconColor": "#6d757a",
		"sapUiButtonActiveBackground": "#ce1126",
		"sapUiButtonActiveBorderColor": "#ce1126",
		"sapUiButtonActiveTextColor": "#fff",
		"sapUiButtonEmphasizedHoverBackground": "#656b71",
		"sapUiButtonEmphasizedHoverBorderColor": "#656b71",
		"sapUiButtonEmphasizedActiveBackground": "#ce1126",
		"sapUiButtonEmphasizedActiveBorderColor": "#ce1126",
		"sapUiButtonEmphasizedTextShadow": "rgba(0,0,0,0.5)",
		"sapUiButtonAcceptBorderColor": "#2b7d2b",
		"sapUiButtonAcceptHoverBackground": "#eaeaea",
		"sapUiButtonAcceptHoverBorderColor": "#2b7d2b",
		"sapUiButtonAcceptActiveBackground": "#2b7d2b",
		"sapUiButtonAcceptActiveBorderColor": "#2b7d2b",
		"sapUiButtonAcceptTextColor": "#2b7d2b",
		"sapUiButtonRejectBorderColor": "#bb0000",
		"sapUiButtonRejectHoverBackground": "#eaeaea",
		"sapUiButtonRejectHoverBorderColor": "#bb0000",
		"sapUiButtonRejectActiveBackground": "#bb0000",
		"sapUiButtonRejectActiveBorderColor": "#bb0000",
		"sapUiButtonRejectTextColor": "#b00",
		"sapUiButtonLiteBackground": "transparent",
		"sapUiButtonLiteBorderColor": "transparent",
		"sapUiButtonLiteTextColor": "#9f0d1d",
		"sapUiButtonLiteHoverBackground": "rgba(178,178,178,0.5)",
		"sapUiButtonLiteHoverBorderColor": "rgba(178,178,178,0.5)",
		"sapUiButtonLiteActiveBackground": "#ce1126",
		"sapUiButtonLiteActiveBorderColor": "#ce1126",
		"sapUiButtonHeaderTextColor": "#9f0d1d",
		"sapUiButtonHeaderDisabledTextColor": "#9f0d1d",
		"sapUiButtonFooterTextColor": "#9f0d1d",
		"sapUiButtonFooterHoverBackground": "rgba(178,178,178,0.5)",
		"sapUiButtonActionSelectBackground": "#ffffff",
		"sapUiButtonActionSelectBorderColor": "#ebebeb",
		"sapUiButtonLiteActionSelectHoverBackground": "#f7f7f7",
		"sapUiToggleButtonPressedBackground": "#9f0d1d",
		"sapUiToggleButtonPressedBorderColor": "#870b19",
		"sapUiToggleButtonPressedTextColor": "#fff",
		"sapUiToggleButtonPressedHoverBackground": "#ce1126",
		"sapUiToggleButtonPressedHoverBorderColor": "#ce1126",
		"sapUiToggleButtonPressedDisabledBackground": "#9f0d1d",
		"sapUiToggleButtonPressedDisabledBorderColor": "#870b19",
		"sapUiToggleButtonPressedDisabledTextColor": "#e7c3c7",
		"sapUiSegmentedButtonBackground": "#fff",
		"sapUiSegmentedButtonBorderColor": "#bfbfbf",
		"sapUiSegmentedButtonTextColor": "#9f0d1d",
		"sapUiSegmentedButtonHoverBackground": "#eaeaea",
		"sapUiSegmentedButtonActiveBackground": "#ce1126",
		"sapUiSegmentedButtonActiveTextColor": "#fff",
		"sapUiSegmentedButtonSelectedBackground": "#9f0d1d",
		"sapUiSegmentedButtonSelectedTextColor": "#fff",
		"sapUiSegmentedButtonSelectedHoverBackground": "#ce1126",
		"sapUiSegmentedButtonSelectedHoverBorderColor": "#ce1126",
		"sapUiSegmentedButtonIconColor": "#6d757a",
		"sapUiSegmentedButtonActiveIconColor": "#fff",
		"sapUiSegmentedButtonSelectedIconColor": "#fff",
		"sapUiSegmentedButtonFooterBorderColor": "#bfbfbf",
		"sapUiSegmentedButtonFooterHoverBackground": "#eaeaea",
		"sapUiFieldActiveBackground": "#ce1126",
		"sapUiFieldActiveBorderColor": "#ce1126",
		"sapUiFieldActiveTextColor": "#fff",
		"sapUiFieldPlaceholderTextColor": "#757575",
		"sapUiListTextColor": "#333333",
		"sapUiListVerticalBorderColor": "#ddd",
		"sapUiListActiveBackground": "#ce1126",
		"sapUiListActiveTextColor": "#fff",
		"sapUiListSelectionHoverBackground": "#fac6cb",
		"sapUiListFooterBackground": "#ceddec",
		"sapUiListFooterTextColor": "#333",
		"sapUiListGroupHeaderBackground": "#ffffff",
		"sapUiListTableGroupHeaderBackground": "#f2f2f2",
		"sapUiListTableGroupHeaderBorderColor": "#ccc",
		"sapUiListTableGroupHeaderTextColor": "#333",
		"sapUiListTableFooterBorder": "#ccc",
		"sapUiListTableFixedBorder": "#999",
		"sapUiListTableTextSize": "0.875rem",
		"sapUiListTableIconSize": "1rem",
		"sapUiPageFooterBorderColor": "#ebebeb",
		"sapUiInfobarHoverBackground": "#666d72",
		"sapUiInfobarActiveBackground": "#ce1126",
		"sapUiCalendarColorToday": "#ab218e",
		"sapUiShadowLevel0": "0 0 0.125rem 0 rgba(0,0,0,0.3)",
		"sapUiShadowLevel1": "0 0.125rem 0.375rem 0 rgba(0,0,0,0.2), 0 0 0.125rem 0 rgba(0,0,0,0.3)",
		"sapUiShadowLevel2": "0 0.375rem 0.750rem 0 rgba(0,0,0,0.3), 0 0 0.125rem 0 rgba(0,0,0,0.3)",
		"sapUiShadowLevel3": "0 1.250rem 2rem 0 rgba(0,0,0,0.5), 0 0 0.125rem 0 rgba(0,0,0,0.3)",
		"sapUiShadowText": "0 1px rgba(255,255,255,0.5)",
		"sapUiShadowHeader": "0 0.125rem 0 0 #fff",
		"sapUiUx3ShellHeaderImageURL": "",
		"sapUiUx3ShellApplicationImageURL": "none",
		"sapUiPurple": "purple",
		"sapUiOrange": "orange",
		"sapUiGreen": "green",
		"sapUiBlue": "blue",
		"sapUiRed": "red",
		"sapUiYellow": "yellow",
		"sapUiBase": "#000",
		"sapUiBaseBorder": "#000",
		"sapUiBaseLine": "#000",
		"sapUiWhite": "#FFFFFF",
		"sapUiWhiteBG": "#fff",
		"sapUiExtraLightBG": "#fafafa",
		"sapUiLightBG": "lightgray",
		"sapUiMediumBG": "gray",
		"sapUiDarkBG": "darkgray",
		"sapUiDeepBG": "black",
		"sapUiBlackBG": "#000000",
		"sapUiHoverBG": "grey",
		"sapUiMediumAltBG": "grey",
		"sapUiDarkAltBG": "darkgrey",
		"sapUiButtonStandardBG": "#fafafa",
		"sapUiButtonEmphasizedBG": "yellow",
		"sapUiButtonNegativeBG": "red",
		"sapUiButtonPositiveBG": "green",
		"sapUiReadOnlyBG": "grey",
		"sapUiExtraLightText": "lightgray",
		"sapUiLightText": "lightgray",
		"sapUiMediumText": "grey",
		"sapUiDarkText": "darkgrey",
		"sapUiDeepText": "black",
		"sapUiText": "#333333",
		"sapUiTextInverted": "#fff",
		"sapUiWhiteBorder": "#fff",
		"sapUiExtraLightBorder": "lightgrey",
		"sapUiLightBorder": "grey",
		"sapUiMediumBorder": "#000",
		"sapUiDarkBorder": "#000",
		"sapUiBlackBorder": "#000",
		"sapUiElement": "lightgrey",
		"sapUiInvertedElement": "#ffffff",
		"sapUiLightLine": "lightgrey",
		"sapUiMediumLine": "grey",
		"sapUiEmphasizedLine": "#ce1126",
		"sapUiDarkLine": "darkgrey",
		"sapUiLightShadowTint": "#ffffff",
		"sapUiDarkShadowTint": "#000000",
		"sapUiFocus": "#000000",
		"sapUiInvertedFocus": "#ffffff",
		"sapUiTableRowBG": "#FFFFFF",
		"sapUiTableRowAlternatingBG": "#FFFFFF",
		"sapUiTableRowSelectionBG": "#ce1126",
		"sapUiTableRowSelectionReadOnlyBG": "#ce1126",
		"sapUiTableRowHoverBG": "grey",
		"sapUiListBG": "#f7f7f7",
		"sapUiTextColor": "green",
		"sapUiTextTitleColor": "green",
		"sapUiTextSelectionColor": "green",
		"sapUiTextDisabled": "#ccc",
		"sapUiTextSelection": "#fff",
		"sapUiTextfieldBackground": "#FFFFFF",
		"sapUiFontMonospaceFamily": "Lucida Console",
		"sapUiUx3ShellSideBarBaseWidth": "40px",
		"sapUiUx3ShellPaneOverflowButtonHeight": "120px",
		"sapUiUx3ExactLstCollapseWidth": "24px",
		"sapUiUx3ExactLstHeaderHeight": "25px",
		"sapUiNotificationBarBG_IE": "grey",
		"sapUiNotifierHoverColor": "#ce1126",
		"sapUiNotificationText": "#fff",
		"sapUiNotificationTimestamp": "#ababab",
		"sapUiNotificationBarCalloutBorder": "rgba(128,128,128,0)",
		"sapUiNotificationBarCalloutBorder_IE": "grey",
		"sapUiNotificationBarCalloutArr": "rgba(51,51,51,0.98)",
		"sapUiNotificationBarHeight": "40px",
		"sapUiNotificationBarHeightMinimized": "0px",
		"sapUiNotificationBarHeightMaximized": "40%",
		"sapUiNotifierWidth": "40px",
		"sapUiRIIconPaddingXS": "1px",
		"sapUiRIIconPaddingS": "0.125rem",
		"sapUiRIIconPaddingM": "0.125rem",
		"sapUiRIIconPaddingL": "0.25rem",
		"sapUiUx3ToolPopupArrowWidth": "13px",
		"sapUiUx3ToolPopupArrowHeight": "24px",
		"sapUiUx3ToolPopupArrowRightMarginCorrectionInverted": "-7px",
		"sapUiUx3TPPaddingBottom": "50px",
		"sapUiButtonEmphasizedDisabledBorderColor": "#656b71",
		"sapUiButtonEmphasizedDisabledBackground": "#71787e",
		"sapUiButtonAcceptDisabledBorderColor": "#2b7d2b",
		"sapUiButtonAcceptDisabledBackground": "#f7f7f7",
		"sapUiButtonRejectDisabledBorderColor": "#bb0000",
		"sapUiButtonRejectDisabledBackground": "#f7f7f7",
		"sapUiPositiveBG": "#2b7d2b",
		"sapUiShadowTint": "#000",
		"sapUiShadow": "5px 5px 10px rgba(0,0,0,0.5)",
		"sapUiThemeDesignerCustomCss": "true",
		"sapUiMarginTiny": "0.5rem",
		"sapUiMarginSmall": "1rem",
		"sapUiMarginMedium": "2rem",
		"sapUiMarginLarge": "3rem",
		"sapUiEscapedEmptyString": "",
		"sapUiLocalBusyIndicatorBG": "rgba(250,250,250,0.72)",
		"sapUiLocalBusyIndicatorBG_IE": "#fafafa",
		"sapUiLocalBusyIndicatorColor": "#ce1126",
		"sapUiLocalBusyIndicatorBorderRadius": "100%",
		"sapUiLocalBusyIndicatorSizeMedium": "1rem",
		"sapUiLocalBusyIndicatorSizeBig": "2rem",
		"sapUiMediaQuery_Std_Desktop": "screen and (min-width : 1024px)",
		"sapUiMediaQuery_Std_Tablet": "screen and (min-width : 600px) and (max-width : 1023px)",
		"sapUiMediaQuery_Std_Phone": "screen and (max-width : 599px)",
		"sapUiMediaQuery_3Step_L": "screen and (min-width : 960px)",
		"sapUiMediaQuery_3Step_M": "screen and (min-width : 520px) and (max-width : 959px)",
		"sapUiMediaQuery_3Step_S": "screen and (max-width : 519px)",
		"sapUiMediaQuery_4Step_XL": "screen and (min-width : 960px)",
		"sapUiMediaQuery_4Step_L": "screen and (min-width : 760px) and (max-width : 959px)",
		"sapUiMediaQuery_4Step_M": "screen and (min-width : 520px) and (max-width : 759px)",
		"sapUiMediaQuery_4Step_S": "screen and (max-width : 519px)",
		"sapUiMediaQuery_6Step_XXL": "screen and (min-width : 960px)",
		"sapUiMediaQuery_6Step_XL": "screen and (min-width : 768px) and (max-width : 959px)",
		"sapUiMediaQuery_6Step_L": "screen and (min-width : 541px) and (max-width : 767px)",
		"sapUiMediaQuery_6Step_M": "screen and (min-width : 400px) and (max-width : 540px)",
		"sapUiMediaQuery_6Step_S": "screen and (min-width : 241px) and (max-width : 399px)",
		"sapUiMediaQuery_6Step_XS": "screen and (max-width : 240px)",
		"sapBackgroundColorDefault": "#fafafa",
		"sapPrimary1": "#3f5161",
		"sapPrimary2": "#427cac",
		"sapPrimary3": "#eff4f9",
		"sapPrimary4": "#ffffff",
		"sapPrimary5": "#fafafa",
		"sapPrimary6": "#bfbfbf",
		"sapPrimary7": "#333333",
		"sapAccentColor1": "#e09d00",
		"sapAccentColor2": "#e6600d",
		"sapAccentColor3": "#c14646",
		"sapAccentColor4": "#ab218e",
		"sapAccentColor5": "#678bc7",
		"sapAccentColor6": "#0092d1",
		"sapAccentColor7": "#1a9898",
		"sapAccentColor8": "#759421",
		"sapErrorBackground": "#ffe4e4",
		"sapWarningBackground": "#fef0db",
		"sapSuccessBackground": "#e4f6e4",
		"sapNeutralBackground": "#f4f5f6",
		"sapErrorBorderColor": "#e00",
		"sapWarningBorderColor": "#f9a429",
		"sapSuccessBorderColor": "#38a338",
		"sapNegativeTextColor": "#bb0000",
		"sapCriticalTextColor": "#e78c07",
		"sapPositiveTextColor": "#2b7d2b",
		"sapNeutralTextColor": "#5e696e",
		"sapErrorColor": "#e00",
		"sapWarningColor": "#f9a429",
		"sapSuccessColor": "#38a338",
		"sapShell_BackgroundPatternColor": "rgba(255,255,255,0.08)",
		"sapUiContentMarkerTextColor": "#147575",
		"sapUiShellBackgroundPatternColor": "rgba(255,255,255,0.08)",
		"sapUiPrimary1": "#3f5161",
		"sapUiPrimary2": "#427cac",
		"sapUiPrimary3": "#eff4f9",
		"sapUiPrimary4": "#ffffff",
		"sapUiPrimary5": "#fafafa",
		"sapUiPrimary6": "#bfbfbf",
		"sapUiPrimary7": "#333333",
		"sapUiAccent1": "#e09d00",
		"sapUiAccent2": "#e6600d",
		"sapUiAccent3": "#c14646",
		"sapUiAccent4": "#ab218e",
		"sapUiAccent5": "#678bc7",
		"sapUiAccent6": "#0092d1",
		"sapUiAccent7": "#1a9898",
		"sapUiAccent8": "#759421"
	},
	"scopes": {
		"sapContrast": {
			"sapBrandColor": "#427cac",
			"sapHighlightColor": "#91c8f6",
			"sapBaseColor": "#3f5161",
			"sapBackgroundColor": "#3f5161",
			"sapTextColor": "#fafafa",
			"sapLinkColor": "#7ed0ff",
			"sapSelectedColor": "#91c8f6",
			"sapActiveColor": "#91c8f6",
			"sapHighlightTextColor": "#2f3c48",
			"sapTitleColor": "#fafafa",
			"sapNegativeColor": "#ff8888",
			"sapCriticalColor": "#fabd64",
			"sapPositiveColor": "#abe2ab",
			"sapNeutralColor": "#d3d7d9",
			"sapNegativeElementColor": "#ff8888",
			"sapCriticalElementColor": "#fabd64",
			"sapPositiveElementColor": "#abe2ab",
			"sapNeutralElementColor": "#d3d7d9",
			"sapContent_IconColor": "#cae4fb",
			"sapContent_ContrastIconColor": "#2f3c48",
			"sapContent_NonInteractiveIconColor": "#97aabb",
			"sapContent_MarkerIconColor": "#8ca7d5",
			"sapContent_FocusColor": "#fff",
			"sapContent_ContrastFocusColor": "#000",
			"sapContent_SearchHighlightColor": "#058088",
			"sapContent_LabelColor": "#ddd",
			"sapContent_DisabledTextColor": "rgba(250,250,250,0.5)",
			"sapContent_ContrastTextThreshold": "0.5",
			"sapContent_ContrastTextColor": "#2f3c48",
			"sapContent_ForegroundColor": "#4d6377",
			"sapContent_ForegroundBorderColor": "#889eb1",
			"sapContent_ForegroundTextColor": "#fafafa",
			"sapShell_Background": "#6585a3",
			"sapShell_BackgroundImage": "linear-gradient(to bottom, #2b4863, #9ebfde)",
			"sapShell_BackgroundGradient": "linear-gradient(to bottom, #2b4863, #9ebfde)",
			"sapShell_TextColor": "#fff",
			"sapButton_Background": "#435667",
			"sapButton_BorderColor": "#a0b2c1",
			"sapButton_TextColor": "#cae4fb",
			"sapButton_Hover_Background": "#4f657a",
			"sapButton_Hover_BorderColor": "#a0b2c1",
			"sapButton_Hover_TextColor": "#62b0f2",
			"sapButton_Emphasized_Background": "#5496cd",
			"sapButton_Emphasized_BorderColor": "#408ac7",
			"sapButton_Reject_Background": "#435667",
			"sapButton_Accept_Background": "#435667",
			"sapField_Background": "#495e70",
			"sapField_BorderColor": "#7891a7",
			"sapField_TextColor": "#fff",
			"sapField_HelpBackground": "#495e70",
			"sapField_Hover_Background": "#495e70",
			"sapField_Hover_BorderColor": "#91c8f6",
			"sapField_Hover_HelpBackground": "#91c8f6",
			"sapField_Focus_Background": "#495e70",
			"sapField_Focus_BorderColor": "#7891a7",
			"sapField_Focus_HelpBackground": "#495e70",
			"sapField_Disabled_TextColor": "rgba(255,255,255,0.5)",
			"sapField_ReadOnly_Background": "transparent",
			"sapField_ReadOnly_BorderColor": "#7891a7",
			"sapField_ReadOnly_HelpBackground": "transparent",
			"sapField_RequiredColor": "#d88b8b",
			"sapField_InvalidColor": "#ff8888",
			"sapField_InvalidBackground": "#495e70",
			"sapField_WarningColor": "#fabd64",
			"sapField_WarningBackground": "#495e70",
			"sapField_SuccessColor": "#abe2ab",
			"sapField_SuccessBackground": "#495e70",
			"sapGroup_TitleBorderColor": "#69859d",
			"sapGroup_TitleTextColor": "#fafafa",
			"sapGroup_ContentBackground": "#3f5161",
			"sapGroup_ContentBorderColor": "#4f667a",
			"sapToolbar_SeparatorColor": "rgba(239,244,249,0.2)",
			"sapList_HeaderBackground": "#3c4d5c",
			"sapList_HeaderBorderColor": "#4d6377",
			"sapList_HeaderTextColor": "#fafafa",
			"sapList_BorderColor": "#4d6377",
			"sapList_HighlightColor": "#427cac",
			"sapList_SelectionBackgroundColor": "#496b8a",
			"sapList_Background": "#3f5161",
			"sapList_Hover_Background": "#45596a",
			"sapScrollBar_FaceColor": "#0099db",
			"sapScrollBar_TrackColor": "#3f5161",
			"sapScrollBar_BorderColor": "#0099db",
			"sapScrollBar_SymbolColor": "#cae4fb",
			"sapScrollBar_Hover_FaceColor": "#00a4ea",
			"sapPageHeader_Background": "#3f5161",
			"sapPageHeader_BorderColor": "#4f667a",
			"sapPageHeader_TextColor": "#fafafa",
			"sapPageFooter_Background": "#2f3c48",
			"sapPageFooter_TextColor": "#fafafa",
			"sapInfobar_Background": "#168282",
			"sapObjectHeader_Background": "#3f5161",
			"sapTile_Background": "#3f5161",
			"sapTile_TitleTextColor": "#fafafa",
			"sapTile_TextColor": "#ddd",
			"sapTile_IconColor": "#83c0f6",
			"sapChart_Bad": "#f55556",
			"sapChart_Critical": "#f4ac44",
			"sapChart_Good": "#69c683",
			"sapChart_Neutral": "#9ea8ad",
			"sapChart_Sequence_Neutral": "#9ea8ad",
			"sapUiBrand": "#427cac",
			"sapUiHighlight": "#91c8f6",
			"sapUiBaseColor": "#3f5161",
			"sapUiBaseBG": "#3f5161",
			"sapUiGlobalBackgroundColor": "#3f5161",
			"sapUiBaseText": "#fafafa",
			"sapUiLink": "#7ed0ff",
			"sapUiSelected": "#91c8f6",
			"sapUiActive": "#91c8f6",
			"sapUiHighlightTextColor": "#2f3c48",
			"sapUiTextTitle": "#fafafa",
			"sapUiContentIconColor": "#cae4fb",
			"sapUiContentContrastIconColor": "#2f3c48",
			"sapUiContentNonInteractiveIconColor": "#97aabb",
			"sapUiContentMarkerIconColor": "#8ca7d5",
			"sapUiContentImagePlaceholderBackground": "#69859d",
			"sapUiContentImagePlaceholderForegroundColor": "#495e70",
			"sapUiContentFocusColor": "#fff",
			"sapUiContentContrastFocusColor": "#000",
			"sapUiContentSearchHighlightColor": "#058088",
			"sapUiContentLabelColor": "#ddd",
			"sapUiContentDisabledTextColor": "rgba(250,250,250,0.5)",
			"sapUiContentContrastTextThreshold": "0.5",
			"sapUiContentContrastTextColor": "#2f3c48",
			"sapUiContentForegroundColor": "#4d6377",
			"sapUiContentForegroundBorderColor": "#889eb1",
			"sapUiContentForegroundTextColor": "#fafafa",
			"sapUiShellBackground": "#6585a3",
			"sapUiShellBackgroundImage": "linear-gradient(to bottom, #2b4863, #9ebfde)",
			"sapUiShellBackgroundGradient": "linear-gradient(to bottom, #2b4863, #9ebfde)",
			"sapUiShellTextColor": "#fff",
			"sapUiButtonBackground": "#435667",
			"sapUiButtonBorderColor": "#a0b2c1",
			"sapUiButtonTextColor": "#cae4fb",
			"sapUiButtonHoverBackground": "#4f657a",
			"sapUiButtonHoverBorderColor": "#a0b2c1",
			"sapUiButtonHoverTextColor": "#62b0f2",
			"sapUiButtonEmphasizedBackground": "#5496cd",
			"sapUiButtonEmphasizedBorderColor": "#408ac7",
			"sapUiButtonRejectBackground": "#435667",
			"sapUiButtonAcceptBackground": "#435667",
			"sapUiFieldBackground": "#495e70",
			"sapUiFieldBorderColor": "#7891a7",
			"sapUiFieldTextColor": "#fff",
			"sapUiFieldHelpBackground": "#495e70",
			"sapUiFieldHoverBackground": "#495e70",
			"sapUiFieldHoverBorderColor": "#91c8f6",
			"sapUiFieldHoverHelpBackground": "#91c8f6",
			"sapUiFieldFocusBackground": "#495e70",
			"sapUiFieldFocusBorderColor": "#7891a7",
			"sapUiFieldFocusHelpBackground": "#495e70",
			"sapUiFieldReadOnlyBackground": "transparent",
			"sapUiFieldReadOnlyBorderColor": "#7891a7",
			"sapUiFieldReadOnlyHelpBackground": "transparent",
			"sapUiFieldDisabledTextColor": "rgba(255,255,255,0.5)",
			"sapUiFieldRequiredColor": "#d88b8b",
			"sapUiFieldInvalidColor": "#ff8888",
			"sapUiFieldInvalidBackground": "#495e70",
			"sapUiFieldWarningColor": "#fabd64",
			"sapUiFieldWarningBackground": "#495e70",
			"sapUiFieldSuccessColor": "#abe2ab",
			"sapUiFieldSuccessBackground": "#495e70",
			"sapUiGroupTitleBorderColor": "#69859d",
			"sapUiGroupTitleTextColor": "#fafafa",
			"sapUiGroupContentBackground": "#3f5161",
			"sapUiGroupContentBorderColor": "#4f667a",
			"sapUiToolbarSeparatorColor": "rgba(239,244,249,0.2)",
			"sapUiListHeaderBackground": "#3c4d5c",
			"sapUiListHeaderBorderColor": "#4d6377",
			"sapUiListHeaderTextColor": "#fafafa",
			"sapUiListBorderColor": "#4d6377",
			"sapUiListHighlightColor": "#427cac",
			"sapUiListSelectionBackgroundColor": "#496b8a",
			"sapUiListBackground": "#3f5161",
			"sapUiListHoverBackground": "#45596a",
			"sapUiScrollBarFaceColor": "#0099db",
			"sapUiScrollBarTrackColor": "#3f5161",
			"sapUiScrollBarBorderColor": "#0099db",
			"sapUiScrollBarSymbolColor": "#cae4fb",
			"sapUiScrollBarHoverFaceColor": "#00a4ea",
			"sapUiPageHeaderBackground": "#3f5161",
			"sapUiPageHeaderBorderColor": "#4f667a",
			"sapUiPageHeaderTextColor": "#fafafa",
			"sapUiPageFooterBackground": "#2f3c48",
			"sapUiPageFooterTextColor": "#fafafa",
			"sapUiInfobarBackground": "#168282",
			"sapUiObjectHeaderBackground": "#3f5161",
			"sapUiTileBackground": "#3f5161",
			"sapUiTileTitleTextColor": "#fafafa",
			"sapUiTileTextColor": "#ddd",
			"sapUiTileIconColor": "#83c0f6",
			"sapUiChartBad": "#f55556",
			"sapUiChartCritical": "#f4ac44",
			"sapUiChartGood": "#69c683",
			"sapUiChartNeutral": "#9ea8ad",
			"sapUiChartSequenceNeutral": "#9ea8ad",
			"sapUiErrorBG": "#500",
			"sapUiWarningBG": "#5c3803",
			"sapUiSuccessBG": "#174417",
			"sapUiNeutralBG": "#393e41",
			"sapUiErrorBorder": "#ff8888",
			"sapUiWarningBorder": "#fabd64",
			"sapUiSuccessBorder": "#abe2ab",
			"sapUiNeutralBorder": "#d3d7d9",
			"sapUiNegativeElement": "#ff8888",
			"sapUiCriticalElement": "#fabd64",
			"sapUiPositiveElement": "#abe2ab",
			"sapUiNeutralElement": "#d3d7d9",
			"sapUiNegativeText": "#ff8888",
			"sapUiCriticalText": "#fabd64",
			"sapUiPositiveText": "#abe2ab",
			"sapUiNeutralText": "#d3d7d9",
			"sapUiNegative": "#ff8888",
			"sapUiCritical": "#fabd64",
			"sapUiPositive": "#abe2ab",
			"sapUiNeutral": "#d3d7d9",
			"sapUiErrorColor": "#fbb",
			"sapUiWarningColor": "#fcd295",
			"sapUiSuccessColor": "#d1efd1",
			"sapUiChartLabelHoverColor": "#4f657a",
			"sapUiChartLabelPressedColor": "#427cac",
			"sapUiChartCategoryAxisLabelFontColor": "#fafafa",
			"sapUiChartValueAxisLabelFontColor": "#fafafa",
			"sapUiChartLegendLabelFontColor": "#fafafa",
			"sapUiChartLegendTitleFontColor": "#fafafa",
			"sapUiChartPaletteUndefinedColor": "#fafafa",
			"sapUiChartGridlineColor": "#999",
			"sapUiChartReferenceLineColor": "#fff",
			"sapUiChartDataLabelFontColor": "#fafafa",
			"sapUiChartReferenceLineLabelColor": "#fafafa",
			"sapUiChartPopoverDataItemFontColor": "#fafafa",
			"sapUiChartPopoverGroupFontColor": "#fafafa",
			"sapUiChartScrollBarThumbColor": "#0099db",
			"sapUiChartScrollBarTrackColor": "#3f5161",
			"sapUiChartScrollBarThumbHoverColor": "#00a4ea",
			"sapUiChartMainTitleFontColor": "#fafafa",
			"sapUiChartAxisTitleFontColor": "#fafafa",
			"sapUiChartLightText": "#fafafa",
			"sapUiChartZeroAxisColor": "#fff",
			"sapUiChartDataPointBorderColor": "#3f5161",
			"sapUiChartDataPointBorderHoverSelectedColor": "#fff",
			"sapUiChartDataPointNotSelectedBackgroundOpacity": "0.7",
			"sapUiChartCategoryAxisLabelFontHoverColor": "#fafafa",
			"sapUiChartCategoryAxisLabelFontPressedColor": "#fafafa",
			"sapUiChartTargetColor": "#fff",
			"sapUiChartTargetShadowColor": "#000",
			"sapUiChartBubbleBGOpacity": "0.9",
			"sapUiChartScrollbarBorderColor": "#0099db",
			"sapUiChartNegativeLargeText": "#f77c7c",
			"sapUiChartCriticalLargeText": "#f7c174",
			"sapUiChartPositiveLargeText": "#a0dbb1",
			"sapUiChartNeutralLargeText": "#f1f2f3",
			"sapUiChartDataPointBG": "#848f94",
			"sapUiChartDataPointBGBorderColor": "#848f94",
			"sapUiChartDataLineColor": "#fff",
			"sapUiChartRadialRemainingCircle": "#848f94",
			"sapUiChartRadialRemainingCircleBorderColor": "#848f94",
			"sapUiChartRadialBG": "transparent",
			"sapUiChartPaletteSemanticBadLight3": "#fbc4c4",
			"sapUiChartPaletteSemanticBadLight2": "#f99d9e",
			"sapUiChartPaletteSemanticBadLight1": "#f77c7c",
			"sapUiChartPaletteSemanticBad": "#f55556",
			"sapUiChartPaletteSemanticBadDark1": "#f33334",
			"sapUiChartPaletteSemanticBadDark2": "#ef0e0f",
			"sapUiChartPaletteSemanticCriticalLight3": "#fdecd5",
			"sapUiChartPaletteSemanticCriticalLight2": "#fad7a4",
			"sapUiChartPaletteSemanticCriticalLight1": "#f7c174",
			"sapUiChartPaletteSemanticCritical": "#f4ac44",
			"sapUiChartPaletteSemanticCriticalDark1": "#f19714",
			"sapUiChartPaletteSemanticCriticalDark2": "#de890d",
			"sapUiChartPaletteSemanticGoodLight3": "#d8f0df",
			"sapUiChartPaletteSemanticGoodLight2": "#b3e2c0",
			"sapUiChartPaletteSemanticGoodLight1": "#8ed4a2",
			"sapUiChartPaletteSemanticGood": "#69c683",
			"sapUiChartPaletteSemanticGoodDark1": "#45b765",
			"sapUiChartPaletteSemanticGoodDark2": "#3fa45b",
			"sapUiChartPaletteSemanticNeutralLight3": "#f1f2f3",
			"sapUiChartPaletteSemanticNeutralLight2": "#d5dadc",
			"sapUiChartPaletteSemanticNeutralLight1": "#bac1c4",
			"sapUiChartPaletteSemanticNeutral": "#9ea8ad",
			"sapUiChartPaletteSemanticNeutralDark1": "#848f94",
			"sapUiChartPaletteSemanticNeutralDark2": "#69767c",
			"sapUiChartPaletteSequentialHue1Light3": "#cce0f5",
			"sapUiChartPaletteSequentialHue1Light2": "#a3c7eb",
			"sapUiChartPaletteSequentialHue1Light1": "#7eb0e2",
			"sapUiChartPaletteSequentialHue1Dark1": "#2b7aca",
			"sapUiChartPaletteSequentialHue1Dark2": "#205c97",
			"sapUiChartPaletteSequentialHue2Light3": "#f7cfbb",
			"sapUiChartPaletteSequentialHue2Light2": "#f2ae8d",
			"sapUiChartPaletteSequentialHue2Light1": "#ed9164",
			"sapUiChartPaletteSequentialHue2Dark2": "#973e12",
			"sapUiChartPaletteSequentialHue3Light3": "#68e9be",
			"sapUiChartPaletteSequentialHue3Light2": "#3ce2ab",
			"sapUiChartPaletteSequentialHue3Light1": "#20d096",
			"sapUiChartPaletteSequentialHue3Dark2": "#093e2d",
			"sapUiChartPaletteSequentialNeutralLight3": "#f1f2f3",
			"sapUiChartPaletteSequentialNeutralLight2": "#d5dadc",
			"sapUiChartPaletteSequentialNeutralLight1": "#b9c1c5",
			"sapUiChartPaletteSequentialNeutral": "#9ea8ad",
			"sapUiChartPaletteSequentialNeutralDark1": "#848f94",
			"sapUiChartPaletteSequentialNeutralDark2": "#69767c",
			"sapUiChoroplethBG": "#7999a9",
			"sapUiChoroplethRegionBG": "#d5dadc",
			"sapUiMapLegendBG": "#3f5161",
			"sapUiMapLegendBorderColor": "#fff",
			"sapUiShellHoverBackground": "#eff4f9",
			"sapUiShellActiveBackground": "#eff4f9",
			"sapUiShellActiveTextColor": "#2e5778",
			"sapUiShellHoverToggleBackground": "#fff",
			"sapUiUx3ShellGradientTop": "rgba(145,185,246,0.03)",
			"sapUiLinkActive": "#7ed0ff",
			"sapUiLinkVisited": "#7ed0ff",
			"sapUiLinkHover": "#7ed0ff",
			"sapUiLinkInverted": "#fff",
			"sapUiButtonIconColor": "#cae4fb",
			"sapUiButtonActiveBackground": "#91c8f6",
			"sapUiButtonActiveBorderColor": "#91c8f6",
			"sapUiButtonActiveTextColor": "#2f3c48",
			"sapUiButtonEmphasizedHoverBackground": "#408ac7",
			"sapUiButtonEmphasizedHoverBorderColor": "#408ac7",
			"sapUiButtonEmphasizedActiveBackground": "#91c8f6",
			"sapUiButtonEmphasizedActiveBorderColor": "#91c8f6",
			"sapUiButtonAcceptBorderColor": "#abe2ab",
			"sapUiButtonAcceptHoverBackground": "#4f657a",
			"sapUiButtonAcceptHoverBorderColor": "#abe2ab",
			"sapUiButtonAcceptActiveBackground": "#abe2ab",
			"sapUiButtonAcceptActiveBorderColor": "#abe2ab",
			"sapUiButtonAcceptTextColor": "#abe2ab",
			"sapUiButtonRejectBorderColor": "#ff8888",
			"sapUiButtonRejectHoverBackground": "#4f657a",
			"sapUiButtonRejectHoverBorderColor": "#ff8888",
			"sapUiButtonRejectActiveBackground": "#ff8888",
			"sapUiButtonRejectActiveBorderColor": "#ff8888",
			"sapUiButtonRejectTextColor": "#f88",
			"sapUiButtonLiteTextColor": "#cae4fb",
			"sapUiButtonLiteHoverBackground": "rgba(99,127,153,0.5)",
			"sapUiButtonLiteHoverBorderColor": "rgba(99,127,153,0.5)",
			"sapUiButtonLiteActiveBackground": "#91c8f6",
			"sapUiButtonLiteActiveBorderColor": "#91c8f6",
			"sapUiButtonHeaderTextColor": "#cae4fb",
			"sapUiButtonHeaderDisabledTextColor": "#cae4fb",
			"sapUiButtonFooterTextColor": "#cae4fb",
			"sapUiButtonFooterHoverBackground": "rgba(99,127,153,0.5)",
			"sapUiButtonActionSelectBackground": "#2f3c48",
			"sapUiButtonActionSelectBorderColor": "#475b6d",
			"sapUiButtonLiteActionSelectHoverBackground": "#394957",
			"sapUiToggleButtonPressedBackground": "#62b0f2",
			"sapUiToggleButtonPressedBorderColor": "#4aa4f0",
			"sapUiToggleButtonPressedTextColor": "#2f3c48",
			"sapUiToggleButtonPressedHoverBackground": "#91c8f6",
			"sapUiToggleButtonPressedHoverBorderColor": "#91c8f6",
			"sapUiToggleButtonPressedDisabledBackground": "#62b0f2",
			"sapUiToggleButtonPressedDisabledBorderColor": "#4aa4f0",
			"sapUiToggleButtonPressedDisabledTextColor": "#f2f8fe",
			"sapUiSegmentedButtonBackground": "#435667",
			"sapUiSegmentedButtonBorderColor": "#8199ad",
			"sapUiSegmentedButtonTextColor": "#cae4fb",
			"sapUiSegmentedButtonHoverBackground": "#4f657a",
			"sapUiSegmentedButtonActiveBackground": "#91c8f6",
			"sapUiSegmentedButtonActiveTextColor": "#2f3c48",
			"sapUiSegmentedButtonSelectedBackground": "#62b0f2",
			"sapUiSegmentedButtonSelectedTextColor": "#2f3c48",
			"sapUiSegmentedButtonSelectedHoverBackground": "#91c8f6",
			"sapUiSegmentedButtonSelectedHoverBorderColor": "#91c8f6",
			"sapUiSegmentedButtonIconColor": "#cae4fb",
			"sapUiSegmentedButtonActiveIconColor": "#2f3c48",
			"sapUiSegmentedButtonSelectedIconColor": "#2f3c48",
			"sapUiSegmentedButtonFooterBorderColor": "#a0b2c1",
			"sapUiSegmentedButtonFooterHoverBackground": "#4f657a",
			"sapUiFieldActiveBackground": "#91c8f6",
			"sapUiFieldActiveBorderColor": "#91c8f6",
			"sapUiFieldActiveTextColor": "#2f3c48",
			"sapUiFieldPlaceholderTextColor": "#c3d7e8",
			"sapUiListTextColor": "#fafafa",
			"sapUiListVerticalBorderColor": "#536b80",
			"sapUiListActiveBackground": "#427cac",
			"sapUiListSelectionHoverBackground": "#4e7394",
			"sapUiListFooterBackground": "#2f3c48",
			"sapUiListFooterTextColor": "#fafafa",
			"sapUiListGroupHeaderBackground": "#3f5161",
			"sapUiListTableGroupHeaderBackground": "#3b4c5b",
			"sapUiListTableGroupHeaderBorderColor": "#69859e",
			"sapUiListTableGroupHeaderTextColor": "#b7cfe4",
			"sapUiListTableFooterBorder": "#69859e",
			"sapUiListTableFixedBorder": "#9dafc0",
			"sapUiPageFooterBorderColor": "#475b6d",
			"sapUiInfobarHoverBackground": "#147575",
			"sapUiInfobarActiveBackground": "#427cac",
			"sapUiCalendarColorToday": "#e57acf",
			"sapUiShadowLevel0": "0 0 0.125rem 0 rgba(255,255,255,0.3)",
			"sapUiShadowLevel1": "0 0.125rem 0.375rem 0 rgba(0,0,0,0.2), 0 0 0.125rem 0 rgba(255,255,255,0.3)",
			"sapUiShadowLevel2": "0 0.375rem 0.750rem 0 rgba(0,0,0,0.3), 0 0 0.125rem 0 rgba(255,255,255,0.3)",
			"sapUiShadowLevel3": "0 1.250rem 2rem 0 rgba(0,0,0,0.5), 0 0 0.125rem 0 rgba(255,255,255,0.3)",
			"sapUiShadowText": "0 1px rgba(0,0,0,0.5)",
			"sapUiShadowHeader": "0 0.125rem 0 0 #000",
			"sapUiUx3ShellHeaderImageURL": "",
			"sapUiExtraLightBG": "#3f5161",
			"sapUiButtonStandardBG": "#3f5161",
			"sapUiText": "#fafafa",
			"sapUiEmphasizedLine": "#91c8f6",
			"sapUiTableRowSelectionBG": "#91c8f6",
			"sapUiTableRowSelectionReadOnlyBG": "#91c8f6",
			"sapUiTextDisabled": "#fff",
			"sapUiNotifierHoverColor": "#91c8f6",
			"sapUiNotificationTimestamp": "#fff",
			"sapUiButtonEmphasizedDisabledBorderColor": "#408ac7",
			"sapUiButtonEmphasizedDisabledBackground": "#5496cd",
			"sapUiButtonAcceptDisabledBorderColor": "#abe2ab",
			"sapUiButtonAcceptDisabledBackground": "#435667",
			"sapUiButtonRejectDisabledBorderColor": "#ff8888",
			"sapUiButtonRejectDisabledBackground": "#435667",
			"sapUiPositiveBG": "#abe2ab",
			"sapUiThemeDesignerCustomCss": "false",
			"sapUiEscapedEmptyString": "",
			"sapUiLocalBusyIndicatorBG": "rgba(63,81,97,0.72)",
			"sapUiLocalBusyIndicatorBG_IE": "#3f5161",
			"sapUiLocalBusyIndicatorColor": "#427cac",
			"sapBackgroundColorDefault": "#3f5161",
			"sapErrorBackground": "#500",
			"sapWarningBackground": "#5c3803",
			"sapSuccessBackground": "#174417",
			"sapNeutralBackground": "#393e41",
			"sapErrorBorderColor": "#ff8888",
			"sapWarningBorderColor": "#fabd64",
			"sapSuccessBorderColor": "#abe2ab",
			"sapNegativeTextColor": "#ff8888",
			"sapCriticalTextColor": "#fabd64",
			"sapPositiveTextColor": "#abe2ab",
			"sapNeutralTextColor": "#d3d7d9",
			"sapErrorColor": "#ff8888",
			"sapWarningColor": "#fabd64",
			"sapSuccessColor": "#abe2ab",
			"sapUiContentMarkerTextColor": "#b7cfe4"
		}
	}
}